"Date","Price","Open","High","Low","Change %"
"11/01/2024","98.374","98.374","98.374","98.374","-0.08%"
"10/31/2024","98.455","98.455","98.455","98.455","0.00%"
"10/30/2024","98.455","98.455","98.455","98.455","0.02%"
"10/29/2024","98.440","98.440","98.440","98.440","0.04%"
"10/28/2024","98.400","98.400","98.400","98.400","-0.03%"
"10/25/2024","98.433","98.433","98.433","98.433","-0.05%"
"10/24/2024","98.484","98.484","98.484","98.484","-0.07%"
"10/23/2024","98.550","98.550","98.550","98.550","0.02%"
"10/22/2024","98.527","98.527","98.527","98.527","-0.02%"
"10/21/2024","98.548","98.548","98.548","98.548","-0.11%"
"10/18/2024","98.654","98.654","98.654","98.654","-0.04%"
"10/17/2024","98.698","98.698","98.698","98.698","-0.01%"
"10/16/2024","98.705","98.705","98.705","98.705","0.02%"
"10/15/2024","98.688","98.688","98.688","98.688","0.01%"
"10/14/2024","98.678","98.678","98.678","98.678","0.02%"
"10/11/2024","98.663","98.663","98.663","98.663","0.00%"
"10/10/2024","98.659","98.659","98.659","98.659","0.00%"
"10/09/2024","98.658","98.658","98.658","98.658","0.11%"
"10/08/2024","98.550","98.550","98.550","98.550","0.07%"
"10/07/2024","98.478","98.478","98.478","98.478","-0.05%"
"10/04/2024","98.524","98.524","98.524","98.524","-0.02%"
"10/03/2024","98.545","98.545","98.545","98.545","-0.08%"
"10/01/2024","98.619","98.619","98.619","98.619","0.02%"
"09/30/2024","98.597","98.597","98.597","98.597","0.05%"
"09/27/2024","98.547","98.547","98.547","98.547","-0.04%"
"09/26/2024","98.583","98.583","98.583","98.583","0.04%"
"09/25/2024","98.547","98.547","98.547","98.547","0.02%"
"09/24/2024","98.526","98.526","98.526","98.526","0.01%"
"09/23/2024","98.520","98.520","98.520","98.520","-0.01%"
"09/20/2024","98.530","98.530","98.530","98.530","0.00%"
"09/19/2024","98.530","98.530","98.530","98.530","0.05%"
"09/18/2024","98.481","98.481","98.481","98.481","0.00%"
"09/17/2024","98.479","98.479","98.479","98.479","-0.01%"
"09/16/2024","98.492","98.492","98.492","98.492","0.02%"
"09/13/2024","98.470","98.470","98.470","98.470","0.04%"
"09/12/2024","98.429","98.429","98.429","98.429","0.01%"
"09/11/2024","98.421","98.421","98.421","98.421","0.05%"
"09/10/2024","98.375","98.375","98.375","98.375","0.38%"
"09/09/2024","98.007","98.007","98.007","98.007","-0.02%"
"09/06/2024","98.031","98.031","98.031","98.031","0.03%"
"09/05/2024","97.997","97.997","97.997","97.997","0.01%"
"09/04/2024","97.992","97.992","97.992","97.992","0.04%"
"09/03/2024","97.955","97.955","97.955","97.955","-0.01%"
"09/02/2024","97.967","97.967","97.967","97.967","0.01%"
"08/30/2024","97.957","97.957","97.957","97.957","-0.02%"
"08/29/2024","97.974","97.974","97.974","97.974","0.02%"
"08/28/2024","97.951","97.951","97.951","97.951","0.00%"
"08/27/2024","97.947","97.947","97.947","97.947","0.01%"
"08/26/2024","97.942","97.942","97.942","97.942","0.01%"
"08/23/2024","97.935","97.935","97.935","97.935","-0.01%"
"08/22/2024","97.941","97.941","97.941","97.941","0.01%"
"08/21/2024","97.932","97.932","97.932","97.932","0.03%"
"08/20/2024","97.904","97.904","97.904","97.904","-0.04%"
"08/19/2024","97.947","97.947","97.947","97.947","0.00%"
"08/16/2024","97.947","97.947","97.947","97.947","0.02%"
"08/14/2024","97.928","97.928","97.928","97.928","0.11%"
"08/13/2024","97.819","97.819","97.819","97.819","-0.06%"
"08/12/2024","97.878","97.878","97.878","97.878","0.01%"
"08/09/2024","97.865","97.865","97.865","97.865","0.05%"
"08/08/2024","97.818","97.818","97.818","97.818","-0.03%"
"08/07/2024","97.844","97.844","97.844","97.844","0.04%"
"08/06/2024","97.802","97.802","97.802","97.802","-0.07%"
"08/05/2024","97.874","97.874","97.874","97.874","0.12%"
"08/02/2024","97.757","97.757","97.757","97.757","0.05%"
"08/01/2024","97.710","97.710","97.710","97.710","0.02%"
"07/31/2024","97.688","97.688","97.688","97.688","0.02%"
"07/30/2024","97.668","97.668","97.668","97.668","-0.01%"
"07/29/2024","97.679","97.679","97.679","97.679","0.02%"
"07/26/2024","97.655","97.655","97.655","97.655","0.04%"
"07/25/2024","97.618","97.618","97.618","97.618","0.07%"
"07/24/2024","97.546","97.546","97.546","97.546","0.05%"
"07/23/2024","97.499","97.499","97.499","97.499","0.03%"
"07/22/2024","97.466","97.466","97.466","97.466","-0.03%"
"07/19/2024","97.494","97.494","97.494","97.494","0.00%"
"07/18/2024","97.497","97.497","97.497","97.497","0.05%"
"07/16/2024","97.452","97.452","97.452","97.452","0.06%"
"07/15/2024","97.398","97.398","97.398","97.398","0.01%"
"07/12/2024","97.384","97.384","97.384","97.384","0.01%"
"07/11/2024","97.370","97.370","97.370","97.370","0.02%"
"07/10/2024","97.348","97.348","97.348","97.348","0.04%"
"07/09/2024","97.309","97.309","97.309","97.309","0.02%"
"07/08/2024","97.291","97.291","97.291","97.291","0.03%"
"07/05/2024","97.265","97.265","97.265","97.265","-0.01%"
"07/04/2024","97.270","97.270","97.270","97.270","0.02%"
"07/03/2024","97.251","97.251","97.251","97.251","0.03%"
"07/02/2024","97.220","97.220","97.220","97.220","0.01%"
"07/01/2024","97.211","97.211","97.211","97.211","-0.86%"
"06/28/2024","98.055","98.055","98.055","98.055","-0.01%"
"06/27/2024","98.061","98.061","98.061","98.061","0.02%"
"06/26/2024","98.040","98.040","98.040","98.040","-0.03%"
"06/25/2024","98.066","98.066","98.066","98.066","-0.04%"
"06/24/2024","98.101","98.101","98.101","98.101","0.00%"
"06/21/2024","98.101","98.101","98.101","98.101","0.04%"
"06/20/2024","98.064","98.064","98.064","98.064","0.01%"
"06/19/2024","98.050","98.050","98.050","98.050","0.01%"
"06/18/2024","98.038","98.038","98.038","98.038","0.03%"
"06/14/2024","98.010","98.010","98.010","98.010","0.00%"
"06/13/2024","98.007","98.007","98.007","98.007","0.07%"
"06/12/2024","97.935","97.935","97.935","97.935","0.00%"
"06/11/2024","97.938","97.938","97.938","97.938","0.03%"
"06/10/2024","97.908","97.908","97.908","97.908","-0.02%"
"06/07/2024","97.924","97.924","97.924","97.924","0.05%"
"06/06/2024","97.873","97.873","97.873","97.873","0.11%"
"06/05/2024","97.768","97.768","97.768","97.768","0.09%"
"06/04/2024","97.677","97.677","97.677","97.677","-0.24%"
"06/03/2024","97.914","97.914","97.914","97.914","0.10%"
"05/31/2024","97.812","97.812","97.812","97.812","-0.02%"
"05/30/2024","97.829","97.829","97.829","97.829","0.00%"
"05/29/2024","97.826","97.826","97.826","97.826","-0.03%"
"05/28/2024","97.858","97.858","97.858","97.858","-0.06%"
"05/27/2024","97.914","97.914","97.914","97.914","0.01%"
"05/24/2024","97.902","97.902","97.902","97.902","0.05%"
"05/23/2024","97.851","97.851","97.851","97.851","-0.03%"
"05/22/2024","97.883","97.883","97.883","97.883","0.07%"
"05/21/2024","97.817","97.817","97.817","97.817","0.10%"
"05/17/2024","97.718","97.718","97.718","97.718","-0.01%"
"05/16/2024","97.725","97.725","97.725","97.725","0.03%"
"05/15/2024","97.695","97.695","97.695","97.695","0.05%"
"05/14/2024","97.642","97.642","97.642","97.642","0.01%"
"05/13/2024","97.629","97.629","97.629","97.629","0.03%"
"05/10/2024","97.604","97.604","97.604","97.604","0.02%"
"05/09/2024","97.584","97.584","97.584","97.584","0.03%"
"05/08/2024","97.554","97.554","97.554","97.554","-0.03%"
"05/07/2024","97.580","97.580","97.580","97.580","-0.04%"
"05/06/2024","97.620","97.620","97.620","97.620","0.14%"
"05/03/2024","97.482","97.482","97.482","97.482","0.03%"
"05/02/2024","97.449","97.449","97.449","97.449","0.09%"
"04/30/2024","97.361","97.361","97.361","97.361","0.01%"
"04/29/2024","97.352","97.352","97.352","97.352","-0.01%"
"04/26/2024","97.357","97.357","97.357","97.357","0.03%"
"04/25/2024","97.331","97.331","97.331","97.331","-0.03%"
"04/24/2024","97.364","97.364","97.364","97.364","-0.03%"
"04/23/2024","97.396","97.396","97.396","97.396","0.04%"
"04/22/2024","97.353","97.353","97.353","97.353","0.10%"
"04/19/2024","97.260","97.260","97.260","97.260","-0.16%"
"04/18/2024","97.420","97.420","97.420","97.420","0.03%"
"04/16/2024","97.395","97.395","97.395","97.395","-0.07%"
"04/15/2024","97.468","97.468","97.468","97.468","0.01%"
"04/12/2024","97.458","97.458","97.458","97.458","-0.19%"
"04/10/2024","97.645","97.645","97.645","97.645","0.12%"
"04/08/2024","97.532","97.532","97.532","97.532","-0.05%"
"04/05/2024","97.580","97.580","97.580","97.580","0.11%"
"04/04/2024","97.475","97.475","97.475","97.475","0.06%"
"04/03/2024","97.418","97.418","97.418","97.418","1.87%"
"12/07/2023","95.629","95.629","95.629","95.629","0.01%"
"12/06/2023","95.619","95.619","95.619","95.619","0.05%"
"12/05/2023","95.575","95.575","95.575","95.575","0.04%"
"12/04/2023","95.535","95.535","95.535","95.535","0.06%"
"12/01/2023","95.481","95.481","95.481","95.481","-0.03%"
"11/30/2023","95.510","95.510","95.510","95.510","-0.05%"
"11/29/2023","95.561","95.561","95.561","95.561","0.08%"
"11/28/2023","95.484","95.484","95.484","95.484","0.01%"
"11/24/2023","95.475","95.475","95.475","95.475","-0.07%"
"11/23/2023","95.545","95.545","95.545","95.545","0.01%"
"11/22/2023","95.539","95.539","95.539","95.539","0.05%"
"11/21/2023","95.491","95.491","95.491","95.491","-0.06%"
"11/20/2023","95.545","95.545","95.545","95.545","-0.13%"
"11/17/2023","95.672","95.672","95.672","95.672","0.00%"
"11/16/2023","95.670","95.670","95.670","95.670","0.00%"
"11/15/2023","95.668","95.668","95.668","95.668","0.18%"
"11/13/2023","95.499","95.499","95.499","95.499","0.06%"
"11/10/2023","95.446","95.446","95.446","95.446","-0.09%"
"11/09/2023","95.533","95.533","95.533","95.533","0.03%"
"11/08/2023","95.504","95.504","95.504","95.504","0.00%"
"11/07/2023","95.506","95.506","95.506","95.506","0.10%"
"11/06/2023","95.415","95.415","95.415","95.415","0.06%"
"11/03/2023","95.356","95.356","95.356","95.356","0.06%"
"11/02/2023","95.298","95.298","95.298","95.298","0.14%"
"11/01/2023","95.168","95.168","95.168","95.168","-0.01%"
"10/31/2023","95.181","95.181","95.181","95.181","-0.16%"
"10/30/2023","95.334","95.334","95.334","95.334","0.01%"
"10/27/2023","95.323","95.323","95.323","95.323","0.06%"
"10/26/2023","95.267","95.267","95.267","95.267","-0.02%"
"10/25/2023","95.282","95.282","95.282","95.282","0.05%"
"10/23/2023","95.233","95.233","95.233","95.233","-0.10%"
"10/20/2023","95.326","95.326","95.326","95.326","0.07%"
"10/19/2023","95.263","95.263","95.263","95.263","0.00%"
"10/18/2023","95.266","95.266","95.266","95.266","-0.05%"
"10/17/2023","95.317","95.317","95.317","95.317","0.03%"
"10/16/2023","95.292","95.292","95.292","95.292","-0.04%"
"10/13/2023","95.332","95.332","95.332","95.332","0.09%"
"10/12/2023","95.249","95.249","95.249","95.249","0.01%"
"10/11/2023","95.239","95.239","95.239","95.239","0.09%"
"10/10/2023","95.150","95.150","95.150","95.150","0.00%"
"10/09/2023","95.146","95.146","95.146","95.146","-0.02%"
"10/06/2023","95.167","95.167","95.167","95.167","-0.24%"
"10/05/2023","95.396","95.396","95.396","95.396","0.09%"
"10/04/2023","95.312","95.312","95.312","95.312","-0.08%"
"10/03/2023","95.389","95.389","95.389","95.389","-0.03%"
"09/29/2023","95.420","95.420","95.420","95.420","0.08%"
"09/28/2023","95.344","95.344","95.344","95.344","-0.19%"
"09/27/2023","95.521","95.521","95.521","95.521","-0.03%"
"09/26/2023","95.549","95.549","95.549","95.549","-0.19%"
"09/25/2023","95.732","95.732","95.732","95.732","0.11%"
"09/22/2023","95.629","95.629","95.629","95.629","-0.03%"
"09/21/2023","95.659","95.659","95.659","95.659","0.03%"
"09/20/2023","95.632","95.632","95.632","95.632","0.02%"
"09/18/2023","95.616","95.616","95.616","95.616","-0.07%"
"09/15/2023","95.687","95.687","95.687","95.687","-0.10%"
"09/14/2023","95.779","95.779","95.779","95.779","0.10%"
"09/13/2023","95.686","95.686","95.686","95.686","0.18%"
"09/12/2023","95.510","95.510","95.510","95.510","-0.09%"
"09/11/2023","95.597","95.597","95.597","95.597","-0.01%"
"09/08/2023","95.607","95.607","95.607","95.607","-0.04%"
"09/07/2023","95.642","95.642","95.642","95.642","0.09%"
"09/06/2023","95.557","95.557","95.557","95.557","-0.06%"
"09/04/2023","95.616","95.616","95.616","95.616","-0.03%"
"09/01/2023","95.649","95.649","95.649","95.649","-0.04%"
"08/31/2023","95.688","95.688","95.688","95.688","0.02%"
"08/30/2023","95.673","95.673","95.673","95.673","0.01%"
"08/29/2023","95.663","95.663","95.663","95.663","0.00%"
"08/28/2023","95.664","95.664","95.664","95.664","0.01%"
"08/25/2023","95.655","95.655","95.655","95.655","0.01%"
"08/24/2023","95.648","95.648","95.648","95.648","0.01%"
"08/23/2023","95.638","95.638","95.638","95.638","0.03%"
"08/22/2023","95.607","95.607","95.607","95.607","-0.04%"
"08/21/2023","95.649","95.649","95.649","95.649","0.17%"
"08/18/2023","95.489","95.489","95.489","95.489","0.11%"
"08/17/2023","95.380","95.380","95.380","95.380","-0.23%"
"08/16/2023","95.596","95.596","95.596","95.596","0.00%"
"08/14/2023","95.596","95.596","95.596","95.596","0.02%"
"08/11/2023","95.580","95.580","95.580","95.580","-0.13%"
"08/10/2023","95.707","95.707","95.707","95.707","0.04%"
"08/09/2023","95.669","95.669","95.669","95.669","-0.08%"
"08/08/2023","95.742","95.742","95.742","95.742","0.06%"
"08/07/2023","95.687","95.687","95.687","95.687","0.07%"
"08/04/2023","95.618","95.618","95.618","95.618","-0.10%"
"08/03/2023","95.718","95.718","95.718","95.718","-0.07%"
"08/02/2023","95.789","95.789","95.789","95.789","-0.01%"
"08/01/2023","95.794","95.794","95.794","95.794","0.07%"
"07/31/2023","95.726","95.726","95.726","95.726","-0.03%"
"07/28/2023","95.753","95.753","95.753","95.753","-0.12%"
"07/27/2023","95.868","95.868","95.868","95.868","0.01%"
"07/26/2023","95.858","95.858","95.858","95.858","-0.03%"
"07/25/2023","95.884","95.884","95.884","95.884","-0.09%"
"07/24/2023","95.969","95.969","95.969","95.969","0.02%"
"07/21/2023","95.954","95.954","95.954","95.954","-0.03%"
"07/20/2023","95.981","95.981","95.981","95.981","-0.05%"
"07/19/2023","96.028","96.028","96.028","96.028","-0.04%"
"07/18/2023","96.067","96.067","96.067","96.067","0.14%"
"07/17/2023","95.930","95.930","95.930","95.930","0.03%"
"07/14/2023","95.903","95.903","95.903","95.903","0.01%"
"07/13/2023","95.894","95.894","95.894","95.894","0.09%"
"07/12/2023","95.804","95.804","95.804","95.804","-0.02%"
"07/11/2023","95.823","95.823","95.823","95.823","0.13%"
"07/10/2023","95.703","95.703","95.703","95.703","-0.01%"
"07/07/2023","95.711","95.711","95.711","95.711","-0.11%"
"07/06/2023","95.815","95.815","95.815","95.815","-0.10%"
"07/05/2023","95.909","95.909","95.909","95.909","0.01%"
"07/04/2023","95.903","95.903","95.903","95.903","-0.02%"
"07/03/2023","95.920","95.920","95.920","95.920","0.03%"
"06/30/2023","95.895","95.895","95.895","95.895","-0.18%"
"06/28/2023","96.071","96.071","96.071","96.071","0.02%"
"06/27/2023","96.047","96.047","96.047","96.047","0.07%"
"06/26/2023","95.979","95.979","95.979","95.979","-0.01%"
"06/23/2023","95.991","95.991","95.991","95.991","-0.01%"
"06/22/2023","96.000","96.000","96.000","96.000","-0.10%"
"06/21/2023","96.098","96.098","96.098","96.098","0.00%"
"06/20/2023","96.097","96.097","96.097","96.097","-0.02%"
"06/19/2023","96.116","96.116","96.116","96.116","0.00%"
"06/16/2023","96.116","96.116","96.116","96.116","0.01%"
"06/15/2023","96.111","96.111","96.111","96.111","-0.07%"
"06/14/2023","96.178","96.178","96.178","96.178","-0.05%"
"06/13/2023","96.223","96.223","96.223","96.223","0.00%"
"06/12/2023","96.221","96.221","96.221","96.221","0.06%"
"06/09/2023","96.165","96.165","96.165","96.165","0.00%"
"06/08/2023","96.164","96.164","96.164","96.164","-0.20%"
"06/07/2023","96.360","96.360","96.360","96.360","-0.03%"
"06/06/2023","96.385","96.385","96.385","96.385","0.03%"
"06/05/2023","96.358","96.358","96.358","96.358","-0.09%"
"06/02/2023","96.448","96.448","96.448","96.448","0.03%"
"06/01/2023","96.417","96.417","96.417","96.417","0.05%"
"05/31/2023","96.369","96.369","96.369","96.369","0.07%"
"05/30/2023","96.297","96.297","96.297","96.297","-0.08%"
"05/29/2023","96.377","96.377","96.377","96.377","-0.01%"
"05/26/2023","96.385","96.385","96.385","96.385","0.07%"
"05/25/2023","96.320","96.320","96.320","96.320","-0.08%"
"05/24/2023","96.397","96.397","96.397","96.397","0.02%"
"05/23/2023","96.377","96.377","96.377","96.377","-0.15%"
"05/22/2023","96.522","96.522","96.522","96.522","0.15%"
"05/19/2023","96.382","96.382","96.382","96.382","0.11%"
"05/18/2023","96.274","96.274","96.274","96.274","-0.07%"
"05/17/2023","96.337","96.337","96.337","96.337","0.05%"
"05/16/2023","96.293","96.293","96.293","96.293","0.13%"
"05/15/2023","96.168","96.168","96.168","96.168","0.09%"
"05/12/2023","96.079","96.079","96.079","96.079","-0.01%"
"05/11/2023","96.090","96.090","96.090","96.090","0.09%"
"05/10/2023","96.008","96.008","96.008","96.008","-0.03%"
"05/09/2023","96.034","96.034","96.034","96.034","0.02%"
"05/08/2023","96.015","96.015","96.015","96.015","-0.13%"
"05/05/2023","96.137","96.137","96.137","96.137","0.00%"
"05/04/2023","96.137","96.137","96.137","96.137","-0.12%"
"05/03/2023","96.250","96.250","96.250","96.250","0.23%"
"05/02/2023","96.032","96.032","96.032","96.032","0.03%"
"04/28/2023","96.004","96.004","96.004","96.004","-0.08%"
"04/27/2023","96.085","96.085","96.085","96.085","0.05%"
"04/26/2023","96.034","96.034","96.034","96.034","-0.03%"
"04/25/2023","96.066","96.066","96.066","96.066","0.00%"
"04/24/2023","96.064","96.064","96.064","96.064","0.03%"
"04/21/2023","96.037","96.037","96.037","96.037","0.08%"
"04/20/2023","95.960","95.960","95.960","95.960","0.11%"
"04/19/2023","95.850","95.850","95.850","95.850","0.04%"
"04/18/2023","95.808","95.808","95.808","95.808","0.07%"
"04/17/2023","95.743","95.743","95.743","95.743","-0.13%"
"04/13/2023","95.864","95.864","95.864","95.864","0.02%"
"04/12/2023","95.845","95.845","95.845","95.845","0.07%"
"04/11/2023","95.778","95.778","95.778","95.778","-0.06%"
"04/10/2023","95.840","95.840","95.840","95.840","0.02%"
"04/06/2023","95.823","95.823","95.823","95.823","0.45%"
"04/05/2023","95.396","95.396","95.396","95.396","0.16%"
"04/03/2023","95.247","95.247","95.247","95.247","-0.01%"
"03/31/2023","95.257","95.257","95.257","95.257","-0.03%"
"03/29/2023","95.289","95.289","95.289","95.289","0.12%"
"03/28/2023","95.179","95.179","95.179","95.179","-0.18%"
"03/27/2023","95.346","95.346","95.346","95.346","-0.03%"
"03/24/2023","95.377","95.377","95.377","95.377","0.09%"
"03/23/2023","95.289","95.289","95.289","95.289","0.14%"
"03/22/2023","95.159","95.159","95.159","95.159","-0.03%"
"03/21/2023","95.187","95.187","95.187","95.187","-0.14%"
"03/20/2023","95.316","95.316","95.316","95.316","0.18%"
"03/17/2023","95.144","95.144","95.144","95.144","0.10%"
"03/16/2023","95.053","95.053","95.053","95.053","-0.01%"
"03/15/2023","95.067","95.067","95.067","95.067","0.10%"
"03/14/2023","94.971","94.971","94.971","94.971","-0.15%"
"03/13/2023","95.115","95.115","95.115","95.115","0.40%"
"03/10/2023","94.733","94.733","94.733","94.733","0.20%"
"03/09/2023","94.547","94.547","94.547","94.547","-1.28%"
"03/08/2023","95.773","95.773","95.773","95.773","-0.29%"
"03/06/2023","96.048","96.048","96.048","96.048","0.03%"
"03/03/2023","96.020","96.020","96.020","96.020","0.10%"
"03/02/2023","95.926","95.926","95.926","95.926","-0.06%"
"03/01/2023","95.982","95.982","95.982","95.982","0.07%"
"02/28/2023","95.916","95.916","95.916","95.916","-0.07%"
"02/27/2023","95.980","95.980","95.980","95.980","-0.15%"
"02/24/2023","96.125","96.125","96.125","96.125","0.01%"
"02/23/2023","96.120","96.120","96.120","96.120","0.06%"
"02/22/2023","96.064","96.064","96.064","96.064","-0.16%"
"02/21/2023","96.216","96.216","96.216","96.216","-0.10%"
"02/20/2023","96.308","96.308","96.308","96.308","0.08%"
"02/17/2023","96.235","96.235","96.235","96.235","-0.24%"
"02/16/2023","96.470","96.470","96.470","96.470","0.04%"
"02/15/2023","96.430","96.430","96.430","96.430","0.12%"
"02/14/2023","96.312","96.312","96.312","96.312","-0.15%"
"02/13/2023","96.452","96.452","96.452","96.452","-0.09%"
"02/10/2023","96.540","96.540","96.540","96.540","-0.04%"
"02/09/2023","96.576","96.576","96.576","96.576","-0.07%"
"02/08/2023","96.646","96.646","96.646","96.646","-0.27%"
"02/07/2023","96.909","96.909","96.909","96.909","0.00%"
"02/06/2023","96.906","96.906","96.906","96.906","-0.24%"
"02/03/2023","97.142","97.142","97.142","97.142","0.13%"
"02/02/2023","97.015","97.015","97.015","97.015","-0.05%"
"02/01/2023","97.062","97.062","97.062","97.062","0.29%"
"01/31/2023","96.782","96.782","96.782","96.782","0.16%"
"01/30/2023","96.628","96.628","96.628","96.628","-0.23%"
"01/27/2023","96.847","96.847","96.847","96.847","-0.17%"
"01/25/2023","97.012","97.012","97.012","97.012","-0.03%"
"01/24/2023","97.037","97.037","97.037","97.037","-0.03%"
"01/23/2023","97.070","97.070","97.070","97.070","-0.02%"
"01/20/2023","97.089","97.089","97.089","97.089","-0.11%"
"01/19/2023","97.192","97.192","97.192","97.192","0.13%"
"01/18/2023","97.068","97.068","97.068","97.068","0.06%"
"01/17/2023","97.011","97.011","97.011","97.011","-0.04%"
"01/16/2023","97.048","97.048","97.048","97.048","1.09%"
"01/13/2023","96.006","96.006","96.006","96.006","0.05%"
"01/12/2023","95.957","95.957","95.957","95.957","0.14%"
"01/11/2023","95.823","95.823","95.823","95.823","0.09%"
"01/10/2023","95.734","95.734","95.734","95.734","0.12%"
"01/09/2023","95.617","95.617","95.617","95.617","0.19%"
"01/06/2023","95.433","95.433","95.433","95.433","-0.13%"
"01/05/2023","95.560","95.560","95.560","95.560","-0.01%"
"01/04/2023","95.567","95.567","95.567","95.567","0.06%"
"01/03/2023","95.510","95.510","95.510","95.510","0.02%"
"01/02/2023","95.491","95.491","95.491","95.491","-0.03%"
"12/30/2022","95.515","95.515","95.515","95.515","-0.04%"
"12/29/2022","95.552","95.552","95.552","95.552","0.10%"
"12/28/2022","95.453","95.453","95.453","95.453","-0.06%"
"12/27/2022","95.512","95.512","95.512","95.512","0.00%"
"12/26/2022","95.509","95.509","95.509","95.509","-0.12%"
"12/23/2022","95.626","95.626","95.626","95.626","0.03%"
"12/22/2022","95.598","95.598","95.598","95.598","-0.08%"
"12/21/2022","95.679","95.679","95.679","95.679","0.04%"
"12/20/2022","95.639","95.639","95.639","95.639","-0.08%"
"12/19/2022","95.720","95.720","95.720","95.720","-0.01%"
"12/16/2022","95.732","95.732","95.732","95.732","-0.02%"
"12/15/2022","95.748","95.748","95.748","95.748","-0.05%"
"12/14/2022","95.797","95.797","95.797","95.797","-0.35%"
"12/13/2022","96.137","96.137","96.137","96.137","0.08%"
"12/12/2022","96.061","96.061","96.061","96.061","0.02%"
"12/09/2022","96.045","96.045","96.045","96.045","-0.02%"
"12/08/2022","96.064","96.064","96.064","96.064","-0.07%"
"12/07/2022","96.129","96.129","96.129","96.129","-0.14%"
"12/06/2022","96.266","96.266","96.266","96.266","-0.06%"
"12/05/2022","96.321","96.321","96.321","96.321","0.09%"
"12/02/2022","96.236","96.236","96.236","96.236","-0.15%"
"12/01/2022","96.379","96.379","96.379","96.379","0.18%"
"11/30/2022","96.204","96.204","96.204","96.204","0.10%"
"11/29/2022","96.108","96.108","96.108","96.108","-0.12%"
"11/28/2022","96.220","96.220","96.220","96.220","0.30%"
"11/25/2022","95.932","95.932","95.932","95.932","-0.17%"
"11/24/2022","96.100","96.100","96.100","96.100","-0.06%"
"11/23/2022","96.162","96.162","96.162","96.162","0.01%"
"11/22/2022","96.150","96.150","96.150","96.150","0.05%"
"11/21/2022","96.098","96.098","96.098","96.098","-0.15%"
"11/18/2022","96.246","96.246","96.246","96.246","-0.07%"
"11/17/2022","96.314","96.314","96.314","96.314","0.38%"
"11/16/2022","95.949","95.949","95.949","95.949","-0.38%"
"11/15/2022","96.314","96.314","96.314","96.314","-0.11%"
"11/14/2022","96.424","96.424","96.424","96.424","-0.06%"
"11/11/2022","96.482","96.482","96.482","96.482","0.77%"
"11/10/2022","95.749","95.749","95.749","95.749","-0.04%"
"11/09/2022","95.784","95.784","95.784","95.784","0.20%"
"11/07/2022","95.597","95.597","95.597","95.597","0.03%"
"11/04/2022","95.566","95.566","95.566","95.566","0.57%"
"11/03/2022","95.029","95.029","95.029","95.029","-0.31%"
"11/02/2022","95.329","95.329","95.329","95.329","-0.02%"
"11/01/2022","95.345","95.345","95.345","95.345","0.29%"
"10/31/2022","95.072","95.072","95.072","95.072","-0.14%"
"10/28/2022","95.203","95.203","95.203","95.203","-0.16%"
"10/27/2022","95.355","95.355","95.355","95.355","0.21%"
"10/25/2022","95.158","95.158","95.158","95.158","0.42%"
"10/24/2022","94.764","94.764","94.764","94.764","-0.10%"
"10/21/2022","94.855","94.855","94.855","94.855","0.25%"
"10/20/2022","94.615","94.615","94.615","94.615","-0.67%"
"10/19/2022","95.254","95.254","95.254","95.254","-0.22%"
"10/18/2022","95.460","95.460","95.460","95.460","-0.06%"
"10/17/2022","95.517","95.517","95.517","95.517","0.51%"
"10/14/2022","95.035","95.035","95.035","95.035","-0.20%"
"10/13/2022","95.225","95.225","95.225","95.225","0.15%"
"10/12/2022","95.086","95.086","95.086","95.086","-0.11%"
"10/11/2022","95.188","95.188","95.188","95.188","0.15%"
"10/10/2022","95.048","95.048","95.048","95.048","-0.17%"
"10/07/2022","95.211","95.211","95.211","95.211","-0.19%"
"10/06/2022","95.395","95.395","95.395","95.395","-0.34%"
"10/04/2022","95.717","95.717","95.717","95.717","0.47%"
"10/03/2022","95.266","95.266","95.266","95.266","-0.35%"
"09/30/2022","95.597","95.597","95.597","95.597","0.21%"
"09/29/2022","95.395","95.395","95.395","95.395","0.12%"
"09/28/2022","95.281","95.281","95.281","95.281","-0.23%"
"09/27/2022","95.501","95.501","95.501","95.501","0.35%"
"09/26/2022","95.167","95.167","95.167","95.167","-0.09%"
"09/23/2022","95.251","95.251","95.251","95.251","-0.27%"
"09/22/2022","95.505","95.505","95.505","95.505","-0.36%"
"09/21/2022","95.853","95.853","95.853","95.853","0.08%"
"09/20/2022","95.780","95.780","95.780","95.780","-0.23%"
"09/19/2022","95.998","95.998","95.998","95.998","0.01%"
"09/16/2022","95.991","95.991","95.991","95.991","-0.23%"
"09/15/2022","96.212","96.212","96.212","96.212","-0.29%"
"09/14/2022","96.492","96.492","96.492","96.492","-0.38%"
"09/13/2022","96.862","96.862","96.862","96.862","0.11%"
"09/12/2022","96.755","96.755","96.755","96.755","-0.10%"
"09/09/2022","96.851","96.851","96.851","96.851","0.02%"
"09/08/2022","96.836","96.836","96.836","96.836","0.23%"
"09/07/2022","96.616","96.616","96.616","96.616","-0.12%"
"09/06/2022","96.732","96.732","96.732","96.732","0.05%"
"09/05/2022","96.681","96.681","96.681","96.681","0.10%"
"09/02/2022","96.589","96.589","96.589","96.589","-0.16%"
"09/01/2022","96.744","96.744","96.744","96.744","-0.10%"
"08/30/2022","96.845","96.845","96.845","96.845","0.17%"
"08/29/2022","96.682","96.682","96.682","96.682","-0.22%"
"08/26/2022","96.899","96.899","96.899","96.899","0.18%"
"08/25/2022","96.726","96.726","96.726","96.726","-0.06%"
"08/24/2022","96.788","96.788","96.788","96.788","-0.08%"
"08/23/2022","96.864","96.864","96.864","96.864","-0.13%"
"08/22/2022","96.987","96.987","96.987","96.987","0.01%"
"08/19/2022","96.978","96.978","96.978","96.978","-0.11%"
"08/18/2022","97.087","97.087","97.087","97.087","-0.26%"
"08/17/2022","97.339","97.339","97.339","97.339","0.41%"
"08/16/2022","96.946","96.946","96.946","96.946","0.00%"
"08/12/2022","96.950","96.950","96.950","96.950","-0.02%"
"08/11/2022","96.968","96.968","96.968","96.968","0.17%"
"08/10/2022","96.801","96.801","96.801","96.801","0.14%"
"08/08/2022","96.666","96.666","96.666","96.666","-0.12%"
"08/05/2022","96.783","96.783","96.783","96.783","-0.47%"
"08/04/2022","97.244","97.244","97.244","97.244","0.45%"
"08/03/2022","96.804","96.804","96.804","96.804","-0.23%"
"08/02/2022","97.029","97.029","97.029","97.029","0.04%"
"08/01/2022","96.993","96.993","96.993","96.993","0.25%"
"07/29/2022","96.754","96.754","96.754","96.754","0.07%"
"07/28/2022","96.690","96.690","96.690","96.690","0.20%"
"07/27/2022","96.499","96.499","96.499","96.499","0.08%"
"07/26/2022","96.426","96.426","96.426","96.426","0.02%"
"07/25/2022","96.403","96.403","96.403","96.403","-0.04%"
"07/22/2022","96.446","96.446","96.446","96.446","0.11%"
"07/21/2022","96.338","96.338","96.338","96.338","0.13%"
"07/20/2022","96.211","96.211","96.211","96.211","-0.05%"
"07/19/2022","96.255","96.255","96.255","96.255","0.10%"
"07/18/2022","96.158","96.158","96.158","96.158","0.04%"
"07/15/2022","96.115","96.115","96.115","96.115","-0.26%"
"07/14/2022","96.367","96.367","96.367","96.367","-0.17%"
"07/13/2022","96.527","96.527","96.527","96.527","0.44%"
"07/12/2022","96.104","96.104","96.104","96.104","0.20%"
"07/11/2022","95.916","95.916","95.916","95.916","-0.06%"
"07/08/2022","95.975","95.975","95.975","95.975","-0.26%"
"07/07/2022","96.229","96.229","96.229","96.229","-0.26%"
"07/06/2022","96.480","96.480","96.480","96.480","0.44%"
"07/05/2022","96.060","96.060","96.060","96.060","-0.04%"
"07/04/2022","96.098","96.098","96.098","96.098","0.22%"
"07/01/2022","95.883","95.883","95.883","95.883","0.17%"
"06/30/2022","95.725","95.725","95.725","95.725","0.07%"
"06/29/2022","95.658","95.658","95.658","95.658","0.06%"
"06/28/2022","95.601","95.601","95.601","95.601","-0.29%"
"06/27/2022","95.876","95.876","95.876","95.876","0.07%"
"06/24/2022","95.805","95.805","95.805","95.805","-0.05%"
"06/23/2022","95.853","95.853","95.853","95.853","-0.08%"
"06/22/2022","95.934","95.934","95.934","95.934","0.34%"
"06/21/2022","95.613","95.613","95.613","95.613","-0.44%"
"06/20/2022","96.033","96.033","96.033","96.033","0.47%"
"06/17/2022","95.584","95.584","95.584","95.584","0.32%"
"06/16/2022","95.275","95.275","95.275","95.275","-0.05%"
"06/15/2022","95.327","95.327","95.327","95.327","-0.04%"
"06/14/2022","95.362","95.362","95.362","95.362","0.16%"
"06/13/2022","95.207","95.207","95.207","95.207","-0.48%"
"06/10/2022","95.671","95.671","95.671","95.671","-0.25%"
"06/09/2022","95.910","95.910","95.910","95.910","0.05%"
"06/08/2022","95.866","95.866","95.866","95.866","0.42%"
"06/07/2022","95.467","95.467","95.467","95.467","0.00%"
"06/06/2022","95.471","95.471","95.471","95.471","-0.09%"
"06/03/2022","95.555","95.555","95.555","95.555","-0.14%"
"06/02/2022","95.687","95.687","95.687","95.687","-0.17%"
"06/01/2022","95.854","95.854","95.854","95.854","-0.30%"
"05/31/2022","96.145","96.145","96.145","96.145","-0.07%"
"05/30/2022","96.208","96.208","96.208","96.208","-0.19%"
"05/27/2022","96.394","96.394","96.394","96.394","-0.32%"
"05/26/2022","96.699","96.699","96.699","96.699","-0.07%"
"05/25/2022","96.766","96.766","96.766","96.766","0.23%"
"05/24/2022","96.547","96.547","96.547","96.547","0.22%"
"05/23/2022","96.334","96.334","96.334","96.334","0.26%"
"05/20/2022","96.082","96.082","96.082","96.082","-0.35%"
"05/19/2022","96.416","96.416","96.416","96.416","0.07%"
"05/18/2022","96.345","96.345","96.345","96.345","0.06%"
"05/17/2022","96.292","96.292","96.292","96.292","-0.22%"
"05/16/2022","96.505","96.505","96.505","96.505","0.00%"
"05/13/2022","96.505","96.505","96.505","96.505","0.40%"
"05/12/2022","96.123","96.123","96.123","96.123","-0.26%"
"05/11/2022","96.370","96.370","96.370","96.370","0.34%"
"05/10/2022","96.045","96.045","96.045","96.045","0.71%"
"05/09/2022","95.364","95.364","95.364","95.364","0.06%"
"05/06/2022","95.306","95.306","95.306","95.306","-0.68%"
"05/05/2022","95.956","95.956","95.956","95.956","-0.28%"
"05/04/2022","96.228","96.228","96.228","96.228","-1.97%"
"05/02/2022","98.159","98.159","98.159","98.159","0.04%"
"04/29/2022","98.121","98.121","98.121","98.121","-0.06%"
"04/28/2022","98.179","98.179","98.179","98.179","-0.23%"
"04/27/2022","98.403","98.403","98.403","98.403","-0.17%"
"04/26/2022","98.571","98.571","98.571","98.571","-0.06%"
"04/25/2022","98.626","98.626","98.626","98.626","0.37%"
"04/22/2022","98.265","98.265","98.265","98.265","-0.14%"
"04/21/2022","98.401","98.401","98.401","98.401","-0.26%"
"04/20/2022","98.654","98.654","98.654","98.654","0.13%"
"04/19/2022","98.525","98.525","98.525","98.525","0.03%"
"04/18/2022","98.494","98.494","98.494","98.494","0.35%"
"04/13/2022","98.148","98.148","98.148","98.148","-0.48%"
"04/12/2022","98.622","98.622","98.622","98.622","-0.27%"
"04/11/2022","98.885","98.885","98.885","98.885","-0.09%"
"04/08/2022","98.975","98.975","98.975","98.975","-1.18%"
"04/07/2022","100.160","100.160","100.160","100.160","0.07%"
"04/06/2022","100.085","100.085","100.085","100.085","-0.01%"
"04/05/2022","100.096","100.096","100.096","100.096","0.04%"
"04/04/2022","100.059","100.059","100.059","100.059","-0.19%"
"04/01/2022","100.245","100.245","100.245","100.245","-0.03%"
"03/31/2022","100.279","100.279","100.279","100.279","-0.20%"
"03/30/2022","100.480","100.480","100.480","100.480","0.25%"
"03/29/2022","100.229","100.229","100.229","100.229","0.16%"
"03/28/2022","100.069","100.069","100.069","100.069","-0.18%"
"03/25/2022","100.250","100.250","100.250","100.250","0.08%"
"03/24/2022","100.170","100.170","100.170","100.170","-0.03%"
"03/23/2022","100.196","100.196","100.196","100.196","0.03%"
"03/22/2022","100.166","100.166","100.166","100.166","-0.33%"
"03/21/2022","100.497","100.497","100.497","100.497","-0.11%"
"03/17/2022","100.611","100.611","100.611","100.611","0.13%"
"03/16/2022","100.485","100.485","100.485","100.485","0.18%"
"03/15/2022","100.302","100.302","100.302","100.302","0.25%"
"03/14/2022","100.055","100.055","100.055","100.055","0.09%"
"03/11/2022","99.968","99.968","99.968","99.968","1.75%"
"03/10/2022","98.250","98.250","98.250","98.250","0.20%"
"03/09/2022","98.057","98.057","98.057","98.057","0.15%"
"03/08/2022","97.909","97.909","97.909","97.909","-0.01%"
"03/07/2022","97.918","97.918","97.918","97.918","-0.36%"
"03/04/2022","98.272","98.272","98.272","98.272","0.00%"
"03/03/2022","98.268","98.268","98.268","98.268","-0.08%"
"03/02/2022","98.346","98.346","98.346","98.346","-0.24%"
"02/28/2022","98.583","98.583","98.583","98.583","-0.14%"
"02/25/2022","98.725","98.725","98.725","98.725","0.17%"
"02/24/2022","98.558","98.558","98.558","98.558","-0.17%"
"02/23/2022","98.730","98.730","98.730","98.730","0.02%"
"02/22/2022","98.711","98.711","98.711","98.711","-0.14%"
"02/21/2022","98.847","98.847","98.847","98.847","-0.17%"
"02/18/2022","99.019","99.019","99.019","99.019","0.05%"
"02/17/2022","98.970","98.970","98.970","98.970","0.02%"
"02/16/2022","98.955","98.955","98.955","98.955","-0.11%"
"02/15/2022","99.061","99.061","99.061","99.061","-0.13%"
"02/14/2022","99.187","99.187","99.187","99.187","0.13%"
"02/11/2022","99.055","99.055","99.055","99.055","0.26%"
"02/10/2022","98.801","98.801","98.801","98.801","0.63%"
"02/09/2022","98.178","98.178","98.178","98.178","0.14%"
"02/08/2022","98.041","98.041","98.041","98.041","0.27%"
"02/07/2022","97.780","97.780","97.780","97.780","0.01%"
"02/04/2022","97.774","97.774","97.774","97.774","0.08%"
"02/03/2022","97.695","97.695","97.695","97.695","-0.04%"
"02/02/2022","97.737","97.737","97.737","97.737","-0.35%"
"02/01/2022","98.085","98.085","98.085","98.085","-0.65%"
"01/31/2022","98.722","98.722","98.722","98.722","0.37%"
"01/28/2022","98.358","98.358","98.358","98.358","0.03%"
"01/27/2022","98.331","98.331","98.331","98.331","-0.32%"
"01/25/2022","98.650","98.650","98.650","98.650","0.04%"
"01/24/2022","98.609","98.609","98.609","98.609","-0.06%"
"01/21/2022","98.672","98.672","98.672","98.672","0.00%"
"01/20/2022","98.675","98.675","98.675","98.675","0.05%"
"01/19/2022","98.624","98.624","98.624","98.624","0.01%"
"01/18/2022","98.618","98.618","98.618","98.618","0.04%"
"01/17/2022","98.583","98.583","98.583","98.583","-0.23%"
"01/14/2022","98.811","98.811","98.811","98.811","-0.01%"
"01/13/2022","98.821","98.821","98.821","98.821","0.20%"
"01/12/2022","98.627","98.627","98.627","98.627","-0.06%"
"01/11/2022","98.682","98.682","98.682","98.682","0.10%"
"01/10/2022","98.584","98.584","98.584","98.584","-0.20%"
"01/07/2022","98.780","98.780","98.780","98.780","-0.06%"
"01/06/2022","98.840","98.840","98.840","98.840","-0.11%"
"01/05/2022","98.950","98.950","98.950","98.950","0.01%"
"01/04/2022","98.938","98.938","98.938","98.938","-0.24%"
"01/03/2022","99.176","99.176","99.176","99.176","0.00%"
"12/31/2021","99.179","99.179","99.179","99.179","0.08%"
"12/30/2021","99.099","99.099","99.099","99.099","-0.06%"
"12/29/2021","99.154","99.154","99.154","99.154","0.06%"
"12/28/2021","99.099","99.099","99.099","99.099","-0.04%"
"12/27/2021","99.137","99.137","99.137","99.137","-0.05%"
"12/24/2021","99.183","99.183","99.183","99.183","-0.07%"
"12/23/2021","99.249","99.249","99.249","99.249","0.00%"
"12/22/2021","99.246","99.246","99.246","99.246","-0.02%"
"12/21/2021","99.262","99.262","99.262","99.262","-0.18%"
"12/20/2021","99.445","99.445","99.445","99.445","-0.17%"
"12/17/2021","99.612","99.612","99.612","99.612","-0.12%"
"12/16/2021","99.730","99.730","99.730","99.730","-0.05%"
"12/15/2021","99.779","99.779","99.779","99.779","-0.03%"
"12/14/2021","99.805","99.805","99.805","99.805","0.07%"
"12/13/2021","99.735","99.735","99.735","99.735","-0.02%"
"12/10/2021","99.759","99.759","99.759","99.759","-0.03%"
"12/09/2021","99.785","99.785","99.785","99.785","0.04%"
"12/08/2021","99.744","99.744","99.744","99.744","0.15%"
"12/07/2021","99.591","99.591","99.591","99.591","-0.15%"
"12/06/2021","99.744","99.744","99.744","99.744","0.03%"
"12/03/2021","99.710","99.710","99.710","99.710","-0.11%"
"12/02/2021","99.816","99.816","99.816","99.816","0.09%"
"12/01/2021","99.726","99.726","99.726","99.726","-0.09%"
"11/30/2021","99.818","99.818","99.818","99.818","0.05%"
"11/29/2021","99.765","99.765","99.765","99.765","-0.02%"
"11/26/2021","99.780","99.780","99.780","99.780","0.18%"
"11/25/2021","99.600","99.600","99.600","99.600","0.06%"
"11/24/2021","99.541","99.541","99.541","99.541","-0.04%"
"11/23/2021","99.583","99.583","99.583","99.583","-0.04%"
"11/22/2021","99.627","99.627","99.627","99.627","-0.03%"
"11/18/2021","99.658","99.658","99.658","99.658","0.10%"
"11/17/2021","99.556","99.556","99.556","99.556","0.07%"
"11/16/2021","99.490","99.490","99.490","99.490","-0.04%"
"11/15/2021","99.532","99.532","99.532","99.532","0.10%"
"11/12/2021","99.432","99.432","99.432","99.432","0.06%"
"11/11/2021","99.374","99.374","99.374","99.374","-0.13%"
"11/10/2021","99.502","99.502","99.502","99.502","-0.05%"
"11/09/2021","99.549","99.549","99.549","99.549","0.05%"
"11/08/2021","99.495","99.495","99.495","99.495","0.27%"
"11/04/2021","99.229","99.229","99.229","99.229","-0.04%"
"11/03/2021","99.266","99.266","99.266","99.266","0.02%"
"11/02/2021","99.242","99.242","99.242","99.242","0.14%"
"11/01/2021","99.104","99.104","99.104","99.104","-0.06%"
"10/29/2021","99.160","99.160","99.160","99.160","-0.06%"
"10/28/2021","99.219","99.219","99.219","99.219","-0.05%"
"10/27/2021","99.269","99.269","99.269","99.269","0.07%"
"10/26/2021","99.196","99.196","99.196","99.196","-0.08%"
"10/25/2021","99.272","99.272","99.272","99.272","0.03%"
"10/22/2021","99.246","99.246","99.246","99.246","-0.12%"
"10/21/2021","99.368","99.368","99.368","99.368","0.23%"
"10/20/2021","99.144","99.144","99.144","99.144","0.04%"
"10/19/2021","99.107","99.107","99.107","99.107","-0.03%"
"10/18/2021","99.139","99.139","99.139","99.139","-0.33%"
"10/14/2021","99.472","99.472","99.472","99.472","0.09%"
"10/13/2021","99.380","99.380","99.380","99.380","0.14%"
"10/12/2021","99.240","99.240","99.240","99.240","0.05%"
"10/11/2021","99.191","99.191","99.191","99.191","-0.13%"
"10/08/2021","99.319","99.319","99.319","99.319","-0.14%"
"10/07/2021","99.457","99.457","99.457","99.457","0.02%"
"10/06/2021","99.436","99.436","99.436","99.436","-0.13%"
"10/05/2021","99.562","99.562","99.562","99.562","-0.04%"
"10/04/2021","99.603","99.603","99.603","99.603","0.00%"
"10/01/2021","99.603","99.603","99.603","99.603","-0.18%"
"09/30/2021","99.782","99.782","99.782","99.782","-0.01%"
"09/29/2021","99.791","99.791","99.791","99.791","0.04%"
"09/28/2021","99.752","99.752","99.752","99.752","0.04%"
"09/27/2021","99.710","99.710","99.710","99.710","-0.18%"
"09/24/2021","99.886","99.886","99.886","99.886","-0.23%"
"09/23/2021","100.118","100.118","100.118","100.118","0.10%"
"09/22/2021","100.015","100.015","100.015","100.015","-0.02%"
"09/21/2021","100.033","100.033","100.033","100.033","-0.04%"
"09/20/2021","100.069","100.069","100.069","100.069","0.22%"
"09/17/2021","99.846","99.846","99.846","99.846","0.02%"
"09/16/2021","99.822","99.822","99.822","99.822","0.04%"
"09/15/2021","99.780","99.780","99.780","99.780","0.16%"
"09/14/2021","99.617","99.617","99.617","99.617","-0.02%"
"09/13/2021","99.640","99.640","99.640","99.640","-0.09%"
"09/09/2021","99.734","99.734","99.734","99.734","-0.01%"
"09/08/2021","99.744","99.744","99.744","99.744","0.06%"
"09/07/2021","99.683","99.683","99.683","99.683","-0.15%"
"09/06/2021","99.831","99.831","99.831","99.831","-0.01%"
"09/03/2021","99.838","99.838","99.838","99.838","-1.57%"
"09/02/2021","101.430","101.430","101.430","101.430","0.14%"
"09/01/2021","101.292","101.292","101.292","101.292","0.10%"
"08/31/2021","101.191","101.191","101.191","101.191","0.03%"
"08/30/2021","101.159","101.159","101.159","101.159","0.13%"
"08/27/2021","101.027","101.027","101.027","101.027","0.11%"
"08/26/2021","100.919","100.919","100.919","100.919","-0.02%"
"08/25/2021","100.940","100.940","100.940","100.940","0.09%"
"08/24/2021","100.854","100.854","100.854","100.854","0.06%"
"08/23/2021","100.792","100.792","100.792","100.792","0.09%"
"08/20/2021","100.706","100.706","100.706","100.706","-0.07%"
"08/18/2021","100.780","100.780","100.780","100.780","0.22%"
"08/17/2021","100.561","100.561","100.561","100.561","0.23%"
"08/16/2021","100.327","100.327","100.327","100.327","-0.11%"
"08/13/2021","100.438","100.438","100.438","100.438","0.09%"
"08/12/2021","100.344","100.344","100.344","100.344","0.02%"
"08/11/2021","100.327","100.327","100.327","100.327","0.00%"
"08/10/2021","100.323","100.323","100.323","100.323","-0.04%"
"08/09/2021","100.363","100.363","100.363","100.363","0.14%"
"08/06/2021","100.222","100.222","100.222","100.222","-0.14%"
"08/05/2021","100.361","100.361","100.361","100.361","-0.03%"
"08/04/2021","100.388","100.388","100.388","100.388","0.06%"
"08/03/2021","100.330","100.330","100.330","100.330","-0.03%"
"08/02/2021","100.357","100.357","100.357","100.357","-0.61%"
"07/30/2021","100.972","100.972","100.972","100.972","0.04%"
"07/29/2021","100.928","100.928","100.928","100.928","-0.03%"
"07/28/2021","100.960","100.960","100.960","100.960","-0.02%"
"07/27/2021","100.981","100.981","100.981","100.981","-0.03%"
"07/26/2021","101.016","101.016","101.016","101.016","-0.01%"
"07/23/2021","101.025","101.025","101.025","101.025","0.02%"
"07/22/2021","101.008","101.008","101.008","101.008","-0.10%"
"07/20/2021","101.111","101.111","101.111","101.111","0.08%"
"07/19/2021","101.028","101.028","101.028","101.028","0.13%"
"07/16/2021","100.896","100.896","100.896","100.896","0.06%"
"07/15/2021","100.835","100.835","100.835","100.835","0.00%"
"07/14/2021","100.836","100.836","100.836","100.836","0.07%"
"07/13/2021","100.764","100.764","100.764","100.764","0.11%"
"07/12/2021","100.651","100.651","100.651","100.651","-0.08%"
"07/09/2021","100.736","100.736","100.736","100.736","-0.07%"
"07/08/2021","100.807","100.807","100.807","100.807","0.26%"
"07/07/2021","100.543","100.543","100.543","100.543","0.15%"
"07/06/2021","100.391","100.391","100.391","100.391","-0.30%"
"07/05/2021","100.690","100.690","100.690","100.690","-0.02%"
"07/02/2021","100.715","100.715","100.715","100.715","-0.08%"
"07/01/2021","100.794","100.794","100.794","100.794","-0.09%"
"06/30/2021","100.886","100.886","100.886","100.886","-0.06%"
"06/29/2021","100.950","100.950","100.950","100.950","0.16%"
"06/28/2021","100.787","100.787","100.787","100.787","-0.04%"
"06/25/2021","100.832","100.832","100.832","100.832","-0.15%"
"06/24/2021","100.979","100.979","100.979","100.979","0.09%"
"06/23/2021","100.890","100.890","100.890","100.890","-0.02%"
"06/22/2021","100.906","100.906","100.906","100.906","-0.07%"
"06/21/2021","100.979","100.979","100.979","100.979","-0.20%"
"06/18/2021","101.184","101.184","101.184","101.184","0.14%"
"06/17/2021","101.046","101.046","101.046","101.046","-0.09%"
"06/16/2021","101.134","101.134","101.134","101.134","-0.21%"
"06/15/2021","101.348","101.348","101.348","101.348","-0.42%"
"06/14/2021","101.776","101.776","101.776","101.776","-0.04%"
"06/11/2021","101.819","101.819","101.819","101.819","0.09%"
"06/10/2021","101.730","101.730","101.730","101.730","0.08%"
"06/09/2021","101.644","101.644","101.644","101.644","-0.02%"
"06/08/2021","101.660","101.660","101.660","101.660","0.20%"
"06/07/2021","101.453","101.453","101.453","101.453","0.12%"
"06/04/2021","101.329","101.329","101.329","101.329","-0.10%"
"06/03/2021","101.430","101.430","101.430","101.430","0.10%"
"06/02/2021","101.331","101.331","101.331","101.331","0.06%"
"06/01/2021","101.275","101.275","101.275","101.275","-0.05%"
"05/31/2021","101.330","101.330","101.330","101.330","-0.12%"
"05/28/2021","101.455","101.455","101.455","101.455","-0.04%"
"05/27/2021","101.496","101.496","101.496","101.496","-0.15%"
"05/25/2021","101.645","101.645","101.645","101.645","0.16%"
"05/24/2021","101.482","101.482","101.482","101.482","0.02%"
"05/21/2021","101.460","101.460","101.460","101.460","0.04%"
"05/20/2021","101.420","101.420","101.420","101.420","0.03%"
"05/19/2021","101.392","101.392","101.392","101.392","0.03%"
"05/18/2021","101.365","101.365","101.365","101.365","-0.03%"
"05/17/2021","101.399","101.399","101.399","101.399","0.09%"
"05/14/2021","101.303","101.303","101.303","101.303","-0.08%"
"05/12/2021","101.386","101.386","101.386","101.386","0.00%"
"05/11/2021","101.387","101.387","101.387","101.387","0.01%"
"05/10/2021","101.377","101.377","101.377","101.377","-0.03%"
"05/07/2021","101.412","101.412","101.412","101.412","-0.03%"
"05/06/2021","101.440","101.440","101.440","101.440","0.16%"
"05/05/2021","101.275","101.275","101.275","101.275","0.17%"
"05/04/2021","101.107","101.107","101.107","101.107","-0.10%"
"05/03/2021","101.207","101.207","101.207","101.207","0.01%"
"04/30/2021","101.193","101.193","101.193","101.193","0.03%"
"04/29/2021","101.163","101.163","101.163","101.163","0.02%"
"04/28/2021","101.138","101.138","101.138","101.138","-0.04%"
"04/27/2021","101.177","101.177","101.177","101.177","0.07%"
"04/26/2021","101.110","101.110","101.110","101.110","0.22%"
"04/23/2021","100.888","100.888","100.888","100.888","0.17%"
"04/22/2021","100.712","100.712","100.712","100.712","0.11%"
"04/20/2021","100.606","100.606","100.606","100.606","-0.02%"
"04/19/2021","100.622","100.622","100.622","100.622","0.02%"
"04/16/2021","100.605","100.605","100.605","100.605","-0.20%"
"04/15/2021","100.807","100.807","100.807","100.807","-0.04%"
"04/13/2021","100.845","100.845","100.845","100.845","-0.06%"
"04/12/2021","100.907","100.907","100.907","100.907","-0.09%"
"04/09/2021","101.002","101.002","101.002","101.002","-0.09%"
"04/08/2021","101.091","101.091","101.091","101.091","-0.05%"
"04/07/2021","101.137","101.137","101.137","101.137","0.11%"
"04/06/2021","101.025","101.025","101.025","101.025","-0.02%"
"04/05/2021","101.044","101.044","101.044","101.044","0.50%"
"03/31/2021","100.546","100.546","100.546","100.546","0.08%"
"03/30/2021","100.467","100.467","100.467","100.467","-0.17%"
"03/26/2021","100.641","100.641","100.641","100.641","0.06%"
"03/25/2021","100.580","100.580","100.580","100.580","0.04%"
"03/24/2021","100.543","100.543","100.543","100.543","0.00%"
"03/23/2021","100.547","100.547","100.547","100.547","0.17%"
"03/22/2021","100.372","100.372","100.372","100.372","0.23%"
"03/19/2021","100.143","100.143","100.143","100.143","0.31%"
"03/18/2021","99.835","99.835","99.835","99.835","0.14%"
"03/17/2021","99.700","99.700","99.700","99.700","-0.03%"
"03/16/2021","99.728","99.728","99.728","99.728","0.15%"
"03/15/2021","99.580","99.580","99.580","99.580","0.04%"
"03/12/2021","99.543","99.543","99.543","99.543","-0.08%"
"03/10/2021","99.622","99.622","99.622","99.622","-0.04%"
"03/09/2021","99.657","99.657","99.657","99.657","-0.18%"
"03/08/2021","99.840","99.840","99.840","99.840","-0.06%"
"03/05/2021","99.900","99.900","99.900","99.900","-0.27%"
"03/04/2021","100.166","100.166","100.166","100.166","0.03%"
"03/03/2021","100.137","100.137","100.137","100.137","-0.11%"
"03/02/2021","100.246","100.246","100.246","100.246","-0.02%"
"03/01/2021","100.268","100.268","100.268","100.268","0.10%"
"02/26/2021","100.164","100.164","100.164","100.164","-0.28%"
"02/25/2021","100.444","100.444","100.444","100.444","-0.19%"
"02/24/2021","100.633","100.633","100.633","100.633","0.19%"
"02/23/2021","100.442","100.442","100.442","100.442","-0.02%"
"02/22/2021","100.459","100.459","100.459","100.459","-0.31%"
"02/18/2021","100.775","100.775","100.775","100.775","-0.15%"
"02/17/2021","100.928","100.928","100.928","100.928","-0.18%"
"02/16/2021","101.110","101.110","101.110","101.110","-0.02%"
"02/15/2021","101.128","101.128","101.128","101.128","-0.22%"
"02/12/2021","101.355","101.355","101.355","101.355","0.02%"
"02/11/2021","101.330","101.330","101.330","101.330","0.18%"
"02/10/2021","101.145","101.145","101.145","101.145","0.04%"
"02/09/2021","101.109","101.109","101.109","101.109","-0.33%"
"02/08/2021","101.446","101.446","101.446","101.446","0.03%"
"02/05/2021","101.411","101.411","101.411","101.411","-0.36%"
"02/04/2021","101.773","101.773","101.773","101.773","0.07%"
"02/03/2021","101.701","101.701","101.701","101.701","0.32%"
"02/02/2021","101.375","101.375","101.375","101.375","-0.45%"
"02/01/2021","101.830","101.830","101.830","101.830","-0.91%"
"01/29/2021","102.763","102.763","102.763","102.763","0.02%"
"01/28/2021","102.743","102.743","102.743","102.743","0.01%"
"01/27/2021","102.729","102.729","102.729","102.729","-0.03%"
"01/25/2021","102.762","102.762","102.762","102.762","-0.05%"
"01/22/2021","102.816","102.816","102.816","102.816","0.02%"
"01/21/2021","102.791","102.791","102.791","102.791","-0.06%"
"01/20/2021","102.850","102.850","102.850","102.850","0.00%"
"01/19/2021","102.853","102.853","102.853","102.853","0.02%"
"01/18/2021","102.837","102.837","102.837","102.837","0.02%"
"01/15/2021","102.814","102.814","102.814","102.814","-0.18%"
"01/14/2021","102.996","102.996","102.996","102.996","0.00%"
"01/13/2021","102.997","102.997","102.997","102.997","-0.12%"
"01/12/2021","103.120","103.120","103.120","103.120","-0.18%"
"01/11/2021","103.311","103.311","103.311","103.311","-0.31%"
"01/08/2021","103.636","103.636","103.636","103.636","-0.09%"
"01/07/2021","103.731","103.731","103.731","103.731","0.01%"
"01/06/2021","103.719","103.719","103.719","103.719","-0.20%"
"01/05/2021","103.927","103.927","103.927","103.927","0.03%"
"01/04/2021","103.891","103.891","103.891","103.891","0.38%"
"12/31/2020","103.501","103.501","103.501","103.501","0.06%"
"12/30/2020","103.441","103.441","103.441","103.441","0.14%"
"12/29/2020","103.301","103.301","103.301","103.301","0.02%"
"12/28/2020","103.283","103.283","103.283","103.283","0.05%"
"12/24/2020","103.234","103.234","103.234","103.234","0.07%"
"12/23/2020","103.160","103.160","103.160","103.160","-0.02%"
"12/22/2020","103.176","103.176","103.176","103.176","0.12%"
"12/21/2020","103.052","103.052","103.052","103.052","-0.06%"
"12/18/2020","103.118","103.118","103.118","103.118","-0.03%"
"12/17/2020","103.154","103.154","103.154","103.154","0.04%"
"12/16/2020","103.110","103.110","103.110","103.110","-0.04%"
"12/15/2020","103.154","103.154","103.154","103.154","0.07%"
"12/14/2020","103.078","103.078","103.078","103.078","0.06%"
"12/11/2020","103.020","103.020","103.020","103.020","-0.14%"
"12/10/2020","103.166","103.166","103.166","103.166","-0.02%"
"12/09/2020","103.187","103.187","103.187","103.187","0.15%"
"12/08/2020","103.029","103.029","103.029","103.029","-0.09%"
"12/07/2020","103.119","103.119","103.119","103.119","-0.10%"
"12/04/2020","103.220","103.220","103.220","103.220","0.24%"
"12/03/2020","102.971","102.971","102.971","102.971","0.02%"
"12/02/2020","102.946","102.946","102.946","102.946","0.03%"
"12/01/2020","102.911","102.911","102.911","102.911","-0.16%"
"11/27/2020","103.078","103.078","103.078","103.078","-0.18%"
"11/26/2020","103.269","103.269","103.269","103.269","0.08%"
"11/25/2020","103.185","103.185","103.185","103.185","0.01%"
"11/24/2020","103.172","103.172","103.172","103.172","0.17%"
"11/23/2020","103.000","103.000","103.000","103.000","-0.03%"
"11/20/2020","103.034","103.034","103.034","103.034","0.09%"
"11/19/2020","102.937","102.937","102.937","102.937","0.03%"
"11/18/2020","102.908","102.908","102.908","102.908","0.00%"
"11/17/2020","102.903","102.903","102.903","102.903","0.06%"
"11/13/2020","102.838","102.838","102.838","102.838","0.16%"
"11/12/2020","102.670","102.670","102.670","102.670","0.00%"
"11/11/2020","102.669","102.669","102.669","102.669","0.01%"
"11/10/2020","102.661","102.661","102.661","102.661","-0.16%"
"11/09/2020","102.826","102.826","102.826","102.826","-0.10%"
"11/06/2020","102.931","102.931","102.931","102.931","0.14%"
"11/05/2020","102.788","102.788","102.788","102.788","0.09%"
"11/04/2020","102.694","102.694","102.694","102.694","0.00%"
"11/03/2020","102.695","102.695","102.695","102.695","-0.10%"
"11/02/2020","102.799","102.799","102.799","102.799","-0.05%"
"10/30/2020","102.854","102.854","102.854","102.854","-0.06%"
"10/29/2020","102.914","102.914","102.914","102.914","0.03%"
"10/28/2020","102.878","102.878","102.878","102.878","-0.10%"
"10/27/2020","102.985","102.985","102.985","102.985","-0.03%"
"10/26/2020","103.017","103.017","103.017","103.017","0.03%"
"10/23/2020","102.981","102.981","102.981","102.981","0.24%"
"10/22/2020","102.738","102.738","102.738","102.738","-0.06%"
"10/21/2020","102.795","102.795","102.795","102.795","0.03%"
"10/20/2020","102.760","102.760","102.760","102.760","0.07%"
"10/19/2020","102.688","102.688","102.688","102.688","0.13%"
"10/16/2020","102.552","102.552","102.552","102.552","-0.13%"
"10/15/2020","102.683","102.683","102.683","102.683","0.05%"
"10/14/2020","102.632","102.632","102.632","102.632","0.00%"
"10/13/2020","102.629","102.629","102.629","102.629","0.02%"
"10/12/2020","102.604","102.604","102.604","102.604","0.27%"
"10/09/2020","102.327","102.327","102.327","102.327","0.48%"
"10/08/2020","101.837","101.837","101.837","101.837","0.13%"
"10/07/2020","101.709","101.709","101.709","101.709","0.09%"
"10/06/2020","101.613","101.613","101.613","101.613","-0.13%"
"10/05/2020","101.746","101.746","101.746","101.746","0.05%"
"10/01/2020","101.699","101.699","101.699","101.699","0.33%"
"09/30/2020","101.360","101.360","101.360","101.360","0.09%"
"09/29/2020","101.268","101.268","101.268","101.268","0.04%"
"09/28/2020","101.225","101.225","101.225","101.225","-0.15%"
"09/25/2020","101.373","101.373","101.373","101.373","-0.02%"
"09/24/2020","101.391","101.391","101.391","101.391","0.02%"
"09/23/2020","101.371","101.371","101.371","101.371","0.02%"
"09/22/2020","101.351","101.351","101.351","101.351","0.02%"
"09/21/2020","101.326","101.326","101.326","101.326","0.03%"
"09/18/2020","101.291","101.291","101.291","101.291","0.19%"
"09/17/2020","101.096","101.096","101.096","101.096","-0.16%"
"09/16/2020","101.253","101.253","101.253","101.253","0.09%"
"09/15/2020","101.157","101.157","101.157","101.157","-0.01%"
"09/14/2020","101.164","101.164","101.164","101.164","0.04%"
"09/11/2020","101.128","101.128","101.128","101.128","-0.08%"
"09/10/2020","101.214","101.214","101.214","101.214","-0.16%"
"09/09/2020","101.379","101.379","101.379","101.379","0.25%"
"09/08/2020","101.122","101.122","101.122","101.122","-0.46%"
"09/07/2020","101.591","101.591","101.591","101.591","-0.31%"
"09/04/2020","101.912","101.912","101.912","101.912","-0.03%"
"09/03/2020","101.944","101.944","101.944","101.944","0.33%"
"09/02/2020","101.612","101.612","101.612","101.612","-0.06%"
"09/01/2020","101.668","101.668","101.668","101.668","0.94%"
"08/31/2020","100.720","100.720","100.720","100.720","0.13%"
"08/28/2020","100.589","100.589","100.589","100.589","-0.03%"
"08/27/2020","100.620","100.620","100.620","100.620","-0.22%"
"08/26/2020","100.842","100.842","100.842","100.842","-0.09%"
"08/25/2020","100.935","100.935","100.935","100.935","0.21%"
"08/24/2020","100.726","100.726","100.726","100.726","-0.51%"
"08/21/2020","101.245","101.245","101.245","101.245","-0.62%"
"08/20/2020","101.879","101.879","101.879","101.879","0.04%"
"08/19/2020","101.843","101.843","101.843","101.843","-0.03%"
"08/18/2020","101.874","101.874","101.874","101.874","-0.04%"
"08/17/2020","101.916","101.916","101.916","101.916","-0.04%"
"08/14/2020","101.957","101.957","101.957","101.957","-0.26%"
"08/13/2020","102.225","102.225","102.225","102.225","0.01%"
"08/12/2020","102.219","102.219","102.219","102.219","0.02%"
"08/11/2020","102.195","102.195","102.195","102.195","0.05%"
"08/10/2020","102.143","102.143","102.143","102.143","-0.02%"
"08/07/2020","102.160","102.160","102.160","102.160","-0.22%"
"08/06/2020","102.383","102.383","102.383","102.383","-0.19%"
"08/05/2020","102.578","102.578","102.578","102.578","0.07%"
"08/04/2020","102.510","102.510","102.510","102.510","-0.01%"
"08/03/2020","102.517","102.517","102.517","102.517","-0.77%"
"07/31/2020","103.311","103.311","103.311","103.311","-0.08%"
"07/30/2020","103.398","103.398","103.398","103.398","0.05%"
"07/29/2020","103.348","103.348","103.348","103.348","0.06%"
"07/28/2020","103.286","103.286","103.286","103.286","-0.03%"
"07/27/2020","103.314","103.314","103.314","103.314","-0.23%"
"07/24/2020","103.554","103.554","103.554","103.554","-0.01%"
"07/23/2020","103.569","103.569","103.569","103.569","0.06%"
"07/22/2020","103.512","103.512","103.512","103.512","-0.02%"
"07/21/2020","103.537","103.537","103.537","103.537","-0.19%"
"07/20/2020","103.732","103.732","103.732","103.732","-0.05%"
"07/17/2020","103.785","103.785","103.785","103.785","0.02%"
"07/16/2020","103.764","103.764","103.764","103.764","0.05%"
"07/15/2020","103.707","103.707","103.707","103.707","0.06%"
"07/14/2020","103.642","103.642","103.642","103.642","-0.15%"
"07/13/2020","103.798","103.798","103.798","103.798","-0.03%"
"07/10/2020","103.831","103.831","103.831","103.831","0.30%"
"07/09/2020","103.518","103.518","103.518","103.518","0.07%"
"07/08/2020","103.448","103.448","103.448","103.448","0.06%"
"07/07/2020","103.382","103.382","103.382","103.382","0.47%"
"07/06/2020","102.900","102.900","102.900","102.900","0.04%"
"07/03/2020","102.861","102.861","102.861","102.861","-0.08%"
"07/02/2020","102.942","102.942","102.942","102.942","-0.05%"
"07/01/2020","102.989","102.773","102.910","102.773","0.21%"
"06/30/2020","102.771","102.615","102.771","102.615","0.15%"
"06/29/2020","102.612","102.409","102.651","102.402","0.20%"
"06/26/2020","102.407","102.383","102.446","102.355","0.03%"
"06/25/2020","102.378","102.169","102.378","102.087","0.21%"
"06/24/2020","102.167","102.228","102.267","102.060","-0.06%"
"06/23/2020","102.226","102.318","102.318","102.174","-0.08%"
"06/22/2020","102.308","102.343","102.515","102.216","-0.05%"
"06/19/2020","102.360","102.285","102.402","102.125","0.08%"
"06/18/2020","102.280","102.020","102.280","101.972","0.26%"
"06/17/2020","102.018","102.035","102.053","101.917","-0.01%"
"06/16/2020","102.033","102.239","102.239","101.864","-0.20%"
"06/15/2020","102.238","102.212","102.267","102.031","0.03%"
"06/12/2020","102.210","102.226","102.226","102.061","-0.01%"
"06/11/2020","102.218","102.203","102.280","102.203","0.02%"
"06/10/2020","102.201","102.137","102.233","102.137","0.06%"
"06/09/2020","102.136","101.953","102.144","101.953","0.18%"
"06/08/2020","101.951","101.968","101.997","101.720","-0.01%"
"06/05/2020","101.966","102.041","102.041","101.818","-0.07%"
"06/04/2020","102.035","101.866","102.035","101.751","0.17%"
"06/03/2020","101.864","102.006","102.006","101.789","-0.14%"
"06/02/2020","102.004","101.819","102.004","101.556","0.18%"
"06/01/2020","101.818","102.049","102.049","101.656","-0.23%"
"05/29/2020","102.048","102.115","102.154","101.928","-0.06%"
"05/28/2020","102.110","102.163","102.163","101.964","-0.05%"
"05/27/2020","102.162","102.215","102.239","102.078","-0.05%"
"05/26/2020","102.213","102.263","102.263","101.938","-0.05%"
"05/25/2020","102.261","102.261","102.261","102.261","0.00%"
"05/22/2020","102.261","101.757","102.340","101.757","0.50%"
"05/21/2020","101.751","101.648","101.751","101.455","0.10%"
"05/20/2020","101.646","101.641","101.646","101.554","-0.05%"
"05/19/2020","101.700","101.588","101.700","101.329","0.11%"
"05/18/2020","101.587","101.518","101.587","101.233","0.07%"
"05/15/2020","101.517","101.558","101.558","101.285","-0.04%"
"05/14/2020","101.554","101.343","101.769","101.343","0.21%"
"05/13/2020","101.342","101.064","101.342","100.907","0.28%"
"05/12/2020","101.063","101.100","101.100","100.943","-0.04%"
"05/11/2020","101.103","101.974","101.974","100.465","-0.92%"
"05/08/2020","102.041","101.714","102.041","101.449","0.33%"
"05/07/2020","101.708","101.708","101.708","101.708","0.00%"
"05/06/2020","101.708","101.306","101.708","101.235","0.40%"
"05/05/2020","101.303","100.809","101.303","100.809","0.46%"
"05/04/2020","100.843","100.708","100.843","100.572","0.15%"
"05/01/2020","100.695","100.695","100.695","100.695","-0.01%"
"04/30/2020","100.706","100.628","100.706","100.404","0.09%"
"04/29/2020","100.619","100.610","100.619","100.191","0.01%"
"04/28/2020","100.612","100.666","100.714","100.549","-0.05%"
"04/27/2020","100.663","100.456","100.709","100.169","0.21%"
"04/24/2020","100.454","101.128","101.128","100.423","-0.66%"
"04/23/2020","101.124","100.334","101.353","100.334","0.79%"
"04/22/2020","100.332","100.321","101.115","100.171","0.02%"
"04/21/2020","100.316","100.583","100.583","99.699","-0.26%"
"04/20/2020","100.578","99.660","100.578","99.631","0.93%"
"04/17/2020","99.655","98.488","99.655","98.488","1.20%"
"04/16/2020","98.474","98.002","98.572","97.641","0.49%"
"04/15/2020","97.997","96.928","97.997","96.675","1.11%"
"04/14/2020","96.923","96.923","96.923","96.923","0.00%"
"04/13/2020","96.923","96.720","97.009","96.720","0.40%"
"04/10/2020","96.536","96.536","96.536","96.536","-0.18%"
"04/09/2020","96.709","96.774","96.774","96.465","-0.04%"
"04/08/2020","96.751","96.593","96.751","96.167","0.16%"
"04/07/2020","96.595","96.595","96.928","96.595","-0.69%"
"04/06/2020","97.270","97.270","97.270","97.270","-0.04%"
"04/03/2020","97.309","97.458","97.458","96.070","-0.14%"
"04/02/2020","97.445","97.445","97.445","97.445","0.33%"
"04/01/2020","97.121","97.121","97.121","97.121","0.00%"
"03/31/2020","97.121","97.226","97.772","97.097","-0.09%"
"03/30/2020","97.213","97.407","97.448","97.135","-0.21%"
"03/27/2020","97.420","95.739","97.678","95.739","1.77%"
"03/26/2020","95.721","95.314","95.971","94.677","1.09%"
"03/25/2020","94.692","94.692","94.692","94.692","-0.65%"
"03/24/2020","95.309","94.347","95.309","94.017","1.03%"
"03/23/2020","94.337","95.354","95.354","94.191","-1.23%"
"03/20/2020","95.511","94.462","95.511","94.462","0.49%"
"03/19/2020","95.043","95.131","95.131","94.393","-0.62%"
"03/18/2020","95.634","95.634","95.634","95.634","0.27%"
"03/17/2020","95.381","95.381","95.381","95.381","-0.45%"
"03/16/2020","95.812","95.812","95.812","95.812","0.28%"
"03/13/2020","95.543","95.543","95.543","95.543","-0.92%"
"03/12/2020","96.432","96.432","96.432","96.432","-0.65%"
"03/11/2020","97.062","97.062","97.062","97.062","-0.15%"
"03/10/2020","97.211","97.211","97.211","97.211","-0.15%"
"03/09/2020","97.355","97.355","97.355","97.355","0.11%"
"03/06/2020","97.247","97.247","97.247","97.247","0.25%"
"03/05/2020","97.004","97.004","97.004","97.004","-0.18%"
"03/04/2020","97.177","97.177","97.177","97.177","1.05%"
"03/03/2020","96.171","96.171","96.171","96.171","0.07%"
"03/02/2020","96.103","96.103","96.103","96.103","0.17%"
"02/28/2020","95.936","95.936","95.936","95.936","0.09%"
"02/27/2020","95.847","95.847","95.847","95.847","0.00%"
"02/26/2020","95.847","95.847","95.847","95.847","0.31%"
"02/25/2020","95.551","95.551","95.551","95.551","-0.01%"
"02/24/2020","95.561","95.561","95.561","95.561","0.26%"
"02/21/2020","95.313","95.313","95.313","95.313","0.01%"
"02/20/2020","95.304","95.304","95.304","95.304","0.11%"
"02/19/2020","95.204","95.204","95.204","95.204","-0.09%"
"02/18/2020","95.294","95.294","95.294","95.294","-0.01%"
"02/17/2020","95.301","95.301","95.301","95.301","-0.01%"
"02/14/2020","95.306","95.306","95.306","95.306","0.13%"
"02/13/2020","95.180","95.180","95.180","95.180","0.17%"
"02/12/2020","95.016","95.016","95.016","95.016","0.06%"
"02/11/2020","94.962","94.962","94.962","94.962","-0.11%"
"02/10/2020","95.063","95.063","95.063","95.063","0.15%"
"02/07/2020","94.917","94.917","94.917","94.917","0.41%"
"02/06/2020","94.532","94.532","94.532","94.532","1.03%"
"02/05/2020","93.566","93.566","93.566","93.566","0.12%"
"02/04/2020","93.457","93.457","93.457","93.457","0.04%"
"02/03/2020","93.420","93.420","93.420","93.420","0.48%"
"01/31/2020","92.977","92.977","92.977","92.977","-0.09%"
"01/30/2020","93.064","93.064","93.064","93.064","0.08%"
"01/29/2020","92.985","92.985","92.985","92.985","0.04%"
"01/28/2020","92.945","92.945","92.945","92.945","-0.05%"
"01/27/2020","92.994","92.994","92.994","92.994","0.09%"
"01/24/2020","92.912","92.912","92.912","92.912","0.12%"
"01/23/2020","92.797","92.797","92.797","92.797","0.15%"
"01/22/2020","92.659","92.659","92.659","92.659","0.00%"
"01/21/2020","92.663","92.663","92.663","92.663","0.03%"
"01/20/2020","92.633","92.633","92.633","92.633","-0.03%"
"01/17/2020","92.663","92.663","92.663","92.663","0.15%"
"01/16/2020","92.523","92.523","92.523","92.523","0.08%"
"01/15/2020","92.449","92.449","92.449","92.449","0.17%"
"01/14/2020","92.295","92.295","92.295","92.295","-0.22%"
"01/13/2020","92.500","92.500","92.500","92.500","0.00%"
"01/10/2020","92.503","92.503","92.503","92.503","-0.20%"
"01/09/2020","92.688","92.688","92.688","92.688","0.22%"
"01/08/2020","92.484","92.484","92.484","92.484","-0.03%"
"01/07/2020","92.508","92.508","92.508","92.508","0.16%"
"01/06/2020","92.364","92.364","92.364","92.364","-0.36%"
"01/03/2020","92.699","92.699","92.699","92.699","0.22%"
"01/02/2020","92.500","92.500","92.500","92.500","0.05%"
"01/01/2020","92.454","92.454","92.454","92.454","0.29%"
"12/31/2019","92.186","92.186","92.186","92.186","-0.10%"
"12/30/2019","92.278","92.278","92.278","92.278","-0.12%"
"12/27/2019","92.387","92.387","92.387","92.387","-0.04%"
"12/26/2019","92.425","92.425","92.425","92.425","0.00%"
"12/25/2019","92.422","92.422","92.422","92.422","-0.12%"
"12/24/2019","92.532","92.532","92.532","92.532","0.00%"
"12/23/2019","92.534","92.534","92.534","92.534","0.05%"
"12/20/2019","92.489","92.489","92.489","92.489","0.41%"
"12/19/2019","92.107","92.107","92.107","92.107","0.00%"
"12/18/2019","92.104","92.104","92.104","92.104","0.14%"
"12/17/2019","91.977","91.977","91.977","91.977","0.41%"
"12/16/2019","91.599","91.599","91.599","91.599","-0.20%"
"12/13/2019","91.782","91.782","91.782","91.782","-0.14%"
"12/12/2019","91.912","91.912","91.912","91.912","-0.03%"
"12/11/2019","91.936","91.936","91.936","91.936","-0.24%"
"12/10/2019","92.156","92.156","92.156","92.156","-0.31%"
"12/09/2019","92.441","92.441","92.441","92.441","-0.04%"
"12/06/2019","92.477","92.477","92.477","92.477","-0.32%"
"12/05/2019","92.777","92.777","92.777","92.777","-1.12%"
"12/04/2019","93.824","93.824","93.824","93.824","0.09%"
"12/03/2019","93.738","93.738","93.738","93.738","0.00%"
"12/02/2019","93.734","93.734","93.734","93.734","-0.05%"
"11/29/2019","93.780","93.780","93.780","93.780","0.00%"
"11/28/2019","93.782","93.782","93.782","93.782","0.08%"
"11/27/2019","93.708","93.708","93.708","93.708","-0.01%"
"11/26/2019","93.715","93.715","93.715","93.715","-0.09%"
"11/25/2019","93.799","93.799","93.799","93.799","0.05%"
"11/22/2019","93.751","93.751","93.751","93.751","0.12%"
"11/21/2019","93.643","93.643","93.643","93.643","-0.17%"
"11/20/2019","93.801","93.801","93.801","93.801","0.15%"
"11/19/2019","93.661","93.661","93.661","93.661","0.08%"
"11/18/2019","93.590","93.590","93.590","93.590","0.13%"
"11/15/2019","93.465","93.465","93.465","93.465","0.13%"
"11/14/2019","93.348","93.348","93.348","93.348","0.04%"
"11/13/2019","93.315","93.315","93.315","93.315","0.26%"
"11/12/2019","93.071","93.071","93.071","93.071","0.02%"
"11/11/2019","93.050","93.050","93.050","93.050","-0.12%"
"11/08/2019","93.159","93.159","93.159","93.159","-0.17%"
"11/07/2019","93.321","93.321","93.321","93.321","-0.08%"
"11/06/2019","93.400","93.400","93.400","93.400","0.07%"
"11/05/2019","93.335","93.335","93.335","93.335","-0.19%"
"11/04/2019","93.516","93.516","93.516","93.516","-0.06%"
"11/01/2019","93.574","93.574","93.574","93.574","0.01%"
"10/31/2019","93.569","93.569","93.569","93.569","0.14%"
"10/30/2019","93.438","93.438","93.438","93.438","0.00%"
"10/29/2019","93.434","93.434","93.434","93.434","-0.02%"
"10/28/2019","93.455","93.455","93.455","93.455","-0.01%"
"10/25/2019","93.461","93.461","93.461","93.461","0.04%"
"10/24/2019","93.420","93.420","93.420","93.420","0.00%"
"10/23/2019","93.419","93.419","93.419","93.419","0.09%"
"10/22/2019","93.332","93.332","93.332","93.332","0.01%"
"10/21/2019","93.323","93.323","93.323","93.323","-0.06%"
"10/18/2019","93.378","93.378","93.378","93.378","-0.05%"
"10/17/2019","93.427","93.427","93.427","93.427","-0.16%"
"10/16/2019","93.577","93.577","93.577","93.577","0.09%"
"10/15/2019","93.494","93.494","93.494","93.494","0.09%"
"10/14/2019","93.409","93.409","93.409","93.409","0.18%"
"10/11/2019","93.239","93.239","93.239","93.239","-0.22%"
"10/10/2019","93.446","93.446","93.446","93.446","-0.12%"
"10/09/2019","93.561","93.561","93.561","93.561","0.14%"
"10/08/2019","93.428","93.428","93.428","93.428","-0.01%"
"10/07/2019","93.440","93.440","93.440","93.440","-0.03%"
"10/04/2019","93.468","93.468","93.468","93.468","-0.17%"
"10/03/2019","93.625","93.625","93.625","93.625","0.34%"
"10/02/2019","93.312","93.312","93.312","93.312","-0.04%"
"10/01/2019","93.352","93.352","93.352","93.352","0.39%"
"09/30/2019","92.989","92.989","92.989","92.989","0.24%"
"09/27/2019","92.765","92.765","92.765","92.765","-0.13%"
"09/26/2019","92.887","92.887","92.887","92.887","0.18%"
"09/25/2019","92.716","92.716","92.716","92.716","-0.05%"
"09/24/2019","92.767","92.767","92.767","92.767","-0.02%"
"09/23/2019","92.790","92.790","92.790","92.790","0.26%"
"09/20/2019","92.549","92.549","92.549","92.549","-0.97%"
"09/19/2019","93.458","93.458","93.458","93.458","-0.05%"
"09/18/2019","93.501","93.501","93.501","93.501","0.61%"
"09/17/2019","92.931","92.931","92.931","92.931","-0.16%"
"09/16/2019","93.077","93.077","93.077","93.077","-0.44%"
"09/13/2019","93.484","93.484","93.484","93.484","-0.06%"
"09/12/2019","93.542","93.542","93.542","93.542","0.19%"
"09/11/2019","93.361","93.361","93.361","93.361","-0.60%"
"09/10/2019","93.929","93.929","93.929","93.929","0.00%"
"09/09/2019","93.928","93.928","93.928","93.928","0.07%"
"09/06/2019","93.859","93.859","93.859","93.859","-0.02%"
"09/05/2019","93.875","93.875","93.875","93.875","-0.18%"
"09/04/2019","94.041","94.041","94.041","94.041","0.09%"
"09/03/2019","93.960","93.960","93.960","93.960","0.13%"
"09/02/2019","93.834","93.834","93.834","93.834","0.00%"
"08/30/2019","93.834","93.834","93.834","93.834","-0.15%"
"08/29/2019","93.972","93.972","93.972","93.972","0.15%"
"08/28/2019","93.835","93.835","93.835","93.835","-0.21%"
"08/27/2019","94.031","94.031","94.031","94.031","-0.26%"
"08/26/2019","94.279","94.279","94.279","94.279","0.57%"
"08/23/2019","93.749","93.749","93.749","93.749","-0.15%"
"08/22/2019","93.887","93.887","93.887","93.887","0.23%"
"08/21/2019","93.671","93.671","93.671","93.671","0.12%"
"08/20/2019","93.562","93.562","93.562","93.562","0.12%"
"08/19/2019","93.454","93.454","93.454","93.454","-0.34%"
"08/16/2019","93.776","93.776","93.776","93.776","0.49%"
"08/15/2019","93.315","93.315","93.315","93.315","-0.10%"
"08/14/2019","93.412","93.412","93.412","93.412","-0.55%"
"08/13/2019","93.927","93.927","93.927","93.927","0.04%"
"08/12/2019","93.890","93.890","93.890","93.890","-0.10%"
"08/09/2019","93.980","93.980","93.980","93.980","-0.50%"
"08/08/2019","94.451","94.451","94.451","94.451","0.10%"
"08/07/2019","94.353","94.353","94.353","94.353","0.14%"
"08/06/2019","94.218","94.218","94.218","94.218","0.29%"
"08/05/2019","93.941","93.941","93.941","93.941","-0.25%"
"08/02/2019","94.181","94.181","94.181","94.181","0.28%"
"08/01/2019","93.914","93.914","93.914","93.914","0.32%"
"07/31/2019","93.619","93.619","93.619","93.619","0.01%"
"07/30/2019","93.610","93.610","93.610","93.610","0.14%"
"07/29/2019","93.476","93.476","93.476","93.476","0.53%"
"07/26/2019","92.984","92.984","92.984","92.984","-0.05%"
"07/25/2019","93.034","93.034","93.034","93.034","-0.51%"
"07/24/2019","93.513","93.513","93.513","93.513","0.09%"
"07/23/2019","93.426","93.426","93.426","93.426","-0.21%"
"07/22/2019","93.624","93.624","93.624","93.624","-0.50%"
"07/19/2019","94.094","94.094","94.094","94.094","0.10%"
"07/18/2019","94.003","94.003","94.003","94.003","-0.26%"
"07/17/2019","94.248","94.248","94.248","94.248","-0.18%"
"07/16/2019","94.417","94.417","94.417","94.417","0.42%"
"07/15/2019","94.024","94.024","94.024","94.024","0.30%"
"07/12/2019","93.746","93.746","93.746","93.746","0.03%"
"07/11/2019","93.721","93.721","93.721","93.721","0.30%"
"07/10/2019","93.440","93.440","93.440","93.440","0.23%"
"07/09/2019","93.221","93.221","93.221","93.221","-0.22%"
"07/08/2019","93.427","93.427","93.427","93.427","0.74%"
"07/05/2019","92.742","92.742","92.742","92.742","0.33%"
"07/04/2019","92.441","92.441","92.441","92.441","0.50%"
"07/03/2019","91.984","91.984","91.984","91.984","0.06%"
"07/02/2019","91.928","91.928","91.928","91.928","0.16%"
"07/01/2019","91.778","91.778","91.778","91.778","-0.02%"
"06/28/2019","91.793","91.793","91.793","91.793","0.10%"
"06/27/2019","91.701","91.701","91.701","91.701","0.25%"
"06/26/2019","91.471","91.471","91.471","91.471","-0.34%"
"06/25/2019","91.785","91.785","91.785","91.785","-0.15%"
"06/24/2019","91.926","91.926","91.926","91.926","0.04%"
"06/21/2019","91.886","91.886","91.886","91.886","-0.47%"
"06/20/2019","92.323","92.323","92.323","92.323","0.35%"
"06/19/2019","91.999","91.999","91.999","91.999","-0.11%"
"06/18/2019","92.097","92.097","92.097","92.097","0.67%"
"06/17/2019","91.486","91.486","91.486","91.486","-0.09%"
"06/14/2019","91.567","91.567","91.567","91.567","0.60%"
"06/13/2019","91.021","91.021","91.021","91.021","0.03%"
"06/12/2019","90.996","90.996","90.996","90.996","0.07%"
"06/11/2019","90.934","90.934","90.934","90.934","0.16%"
"06/10/2019","90.785","90.785","90.785","90.785","-0.41%"
"06/07/2019","91.162","91.162","91.162","91.162","-0.16%"
"06/06/2019","91.307","91.307","91.307","91.307","0.50%"
"06/05/2019","90.849","90.849","90.849","90.849","-0.09%"
"06/04/2019","90.932","90.932","90.932","90.932","-0.18%"
"06/03/2019","91.098","91.098","91.098","91.098","0.22%"
"05/31/2019","90.902","90.902","90.902","90.902","0.51%"
"05/30/2019","90.441","90.441","90.441","90.441","-0.02%"
"05/29/2019","90.462","90.462","90.462","90.462","0.17%"
"05/28/2019","90.311","90.311","90.311","90.311","0.12%"
"05/27/2019","90.199","90.199","90.199","90.199","0.35%"
"05/24/2019","89.888","89.888","89.888","89.888","0.12%"
"05/23/2019","89.778","89.778","89.778","89.778","0.10%"
"05/22/2019","89.690","89.690","89.690","89.690","0.24%"
"05/21/2019","89.477","89.477","89.477","89.477","-0.08%"
"05/20/2019","89.550","89.550","89.550","89.550","0.40%"
"05/17/2019","89.192","89.192","89.192","89.192","-0.06%"
"05/16/2019","89.243","89.243","89.243","89.243","0.06%"
"05/15/2019","89.192","89.192","89.192","89.192","-0.05%"
"05/14/2019","89.236","89.236","89.236","89.236","0.15%"
"05/13/2019","89.106","89.106","89.106","89.106","0.15%"
"05/10/2019","88.969","88.969","88.969","88.969","-0.07%"
"05/09/2019","89.030","89.030","89.030","89.030","-0.12%"
"05/08/2019","89.135","89.135","89.135","89.135","0.00%"
"05/07/2019","89.132","89.132","89.132","89.132","0.12%"
"05/06/2019","89.025","89.025","89.025","89.025","0.04%"
"05/03/2019","88.990","88.990","88.990","88.990","0.01%"
"05/02/2019","88.977","88.977","88.977","88.977","0.15%"
"05/01/2019","88.845","88.845","88.845","88.845","-0.03%"
"04/30/2019","88.871","88.871","88.871","88.871","0.05%"
"04/29/2019","88.826","88.826","88.826","88.826","-0.01%"
"04/26/2019","88.836","88.836","88.836","88.836","0.22%"
"04/25/2019","88.638","88.638","88.638","88.638","-0.07%"
"04/24/2019","88.700","88.700","88.700","88.700","0.36%"
"04/23/2019","88.384","88.384","88.384","88.384","0.00%"
"04/22/2019","88.381","88.381","88.381","88.381","-0.31%"
"04/19/2019","88.654","88.654","88.654","88.654","-0.03%"
"04/18/2019","88.684","88.684","88.684","88.684","-0.06%"
"04/17/2019","88.735","88.735","88.735","88.735","-0.03%"
"04/16/2019","88.763","88.763","88.763","88.763","0.01%"
"04/15/2019","88.751","88.751","88.751","88.751","0.10%"
"04/12/2019","88.666","88.666","88.666","88.666","-0.22%"
"04/11/2019","88.861","88.861","88.861","88.861","-0.04%"
"04/10/2019","88.896","88.896","88.896","88.896","0.07%"
"04/09/2019","88.833","88.833","88.833","88.833","0.13%"
"04/08/2019","88.716","88.716","88.716","88.716","-0.35%"
"04/05/2019","89.024","89.024","89.024","89.024","-0.13%"
"04/04/2019","89.139","89.139","89.139","89.139","-0.46%"
"04/03/2019","89.554","89.554","89.554","89.554","0.01%"
"04/02/2019","89.543","89.543","89.543","89.543","0.48%"
"04/01/2019","89.119","89.119","89.119","89.119","-0.03%"
"03/29/2019","89.144","89.144","89.144","89.144","-0.06%"
"03/28/2019","89.196","89.196","89.196","89.196","0.07%"
"03/27/2019","89.137","89.137","89.137","89.137","0.04%"
"03/26/2019","89.099","89.099","89.099","89.099","-0.14%"
"03/25/2019","89.225","89.225","89.225","89.225","0.23%"
"03/22/2019","89.022","89.022","89.022","89.022","0.18%"
"03/21/2019","88.860","88.860","88.860","88.860","-0.05%"
"03/20/2019","88.905","88.905","88.905","88.905","0.08%"
"03/19/2019","88.838","88.838","88.838","88.838","-0.31%"
"03/18/2019","89.113","89.113","89.113","89.113","0.18%"
"03/15/2019","88.950","88.950","88.950","88.950","-0.07%"
"03/14/2019","89.012","89.012","89.012","89.012","0.18%"
"03/13/2019","88.848","88.848","88.848","88.848","-0.25%"
"03/12/2019","89.070","89.070","89.070","89.070","0.00%"
"03/11/2019","89.066","89.066","89.066","89.066","0.31%"
"03/08/2019","88.795","88.795","88.795","88.795","-0.16%"
"03/07/2019","88.936","88.936","88.936","88.936","0.49%"
"03/06/2019","88.501","88.501","88.501","88.501","-0.05%"
"03/05/2019","88.548","88.548","88.548","88.548","0.01%"
"03/04/2019","88.536","88.536","88.536","88.536","-0.18%"
"03/01/2019","88.695","88.695","88.695","88.695","0.54%"
"02/28/2019","88.217","88.217","88.217","88.217","0.28%"
"02/27/2019","87.975","87.975","87.975","87.975","-0.39%"
"02/26/2019","88.317","88.317","88.317","88.317","-0.09%"
"02/25/2019","88.398","88.398","88.398","88.398","0.13%"
"02/22/2019","88.284","88.284","88.284","88.284","-0.35%"
"02/21/2019","88.597","88.597","88.597","88.597","0.03%"
"02/20/2019","88.570","88.570","88.570","88.570","0.21%"
"02/19/2019","88.388","88.388","88.388","88.388","-0.12%"
"02/18/2019","88.497","88.497","88.497","88.497","0.03%"
"02/15/2019","88.470","88.470","88.470","88.470","-0.22%"
"02/14/2019","88.667","88.667","88.667","88.667","-0.32%"
"02/13/2019","88.951","88.951","88.951","88.951","0.42%"
"02/12/2019","88.579","88.579","88.579","88.579","0.00%"
"02/11/2019","88.578","88.578","88.578","88.578","0.01%"
"02/08/2019","88.569","88.569","88.569","88.569","0.34%"
"02/07/2019","88.265","88.265","88.265","88.265","-0.12%"
"02/06/2019","88.372","88.372","88.372","88.372","0.38%"
"02/05/2019","88.036","88.036","88.036","88.036","0.03%"
"02/04/2019","88.006","88.006","88.006","88.006","-0.09%"
"02/01/2019","88.088","88.088","88.088","88.088","-0.73%"
"01/31/2019","88.734","88.734","88.734","88.734","0.52%"
"01/30/2019","88.271","88.271","88.271","88.271","-0.16%"
"01/29/2019","88.409","88.409","88.409","88.409","-0.09%"
"01/28/2019","88.492","88.492","88.492","88.492","0.26%"
"01/25/2019","88.262","88.262","88.262","88.262","0.12%"
"01/24/2019","88.159","88.159","88.159","88.159","0.16%"
"01/23/2019","88.017","88.017","88.017","88.017","-0.24%"
"01/22/2019","88.233","88.233","88.233","88.233","0.21%"
"01/21/2019","88.044","88.044","88.044","88.044","0.15%"
"01/18/2019","87.908","87.908","87.908","87.908","-0.62%"
"01/17/2019","88.457","88.457","88.457","88.457","0.11%"
"01/16/2019","88.362","88.362","88.362","88.362","-0.26%"
"01/15/2019","88.590","88.590","88.590","88.590","-0.26%"
"01/14/2019","88.821","88.821","88.821","88.821","0.04%"
"01/11/2019","88.782","88.782","88.782","88.782","-0.07%"
"01/10/2019","88.845","88.845","88.845","88.845","0.21%"
"01/09/2019","88.657","88.657","88.657","88.657","0.36%"
"01/08/2019","88.338","88.338","88.338","88.338","-0.15%"
"01/07/2019","88.470","88.470","88.470","88.470","-0.20%"
"01/04/2019","88.650","88.650","88.650","88.650","-0.23%"
"01/03/2019","88.850","88.850","88.850","88.850","-0.41%"
"01/02/2019","89.220","89.220","89.220","89.220","0.45%"
"01/01/2019","88.819","88.819","88.819","88.819","-0.55%"
"12/31/2018","89.310","89.310","89.310","89.310","0.09%"
"12/28/2018","89.234","89.234","89.234","89.234","-0.48%"
"12/27/2018","89.664","89.664","89.664","89.664","-0.04%"
"12/26/2018","89.696","89.696","89.696","89.696","0.23%"
"12/25/2018","89.488","89.488","89.488","89.488","-0.08%"
"12/24/2018","89.558","89.558","89.558","89.558","-0.01%"
"12/21/2018","89.563","89.563","89.563","89.563","-0.18%"
"12/20/2018","89.723","89.723","89.723","89.723","-0.15%"
"12/19/2018","89.854","89.854","89.854","89.854","0.58%"
"12/18/2018","89.335","89.335","89.335","89.335","0.62%"
"12/17/2018","88.787","88.787","88.787","88.787","-0.09%"
"12/14/2018","88.865","88.865","88.865","88.865","-0.06%"
"12/13/2018","88.922","88.922","88.922","88.922","-0.30%"
"12/12/2018","89.188","89.188","89.188","89.188","0.94%"
"12/11/2018","88.361","88.361","88.361","88.361","0.27%"
"12/10/2018","88.120","88.120","88.120","88.120","-1.00%"
"12/07/2018","89.009","89.009","89.009","89.009","-0.25%"
"12/06/2018","89.230","89.230","89.230","89.230","0.20%"
"12/05/2018","89.051","89.051","89.051","89.051","1.01%"
"12/04/2018","88.157","88.157","88.157","88.157","0.39%"
"12/03/2018","87.816","87.816","87.816","87.816","-0.26%"
"11/30/2018","88.047","88.047","88.047","88.047","-0.18%"
"11/29/2018","88.204","88.204","88.204","88.204","0.39%"
"11/28/2018","87.859","87.859","87.859","87.859","0.31%"
"11/27/2018","87.585","87.585","87.585","87.585","0.04%"
"11/26/2018","87.546","87.546","87.546","87.546","0.02%"
"11/23/2018","87.525","87.525","87.525","87.525","-0.17%"
"11/22/2018","87.672","87.672","87.672","87.672","0.45%"
"11/21/2018","87.281","87.281","87.281","87.281","-0.01%"
"11/20/2018","87.287","87.287","87.287","87.287","0.01%"
"11/19/2018","87.278","87.278","87.278","87.278","0.23%"
"11/16/2018","87.080","87.080","87.080","87.080","-0.42%"
"11/15/2018","87.443","87.443","87.443","87.443","-0.25%"
"11/14/2018","87.663","87.663","87.663","87.663","0.25%"
"11/13/2018","87.444","87.444","87.444","87.444","0.40%"
"11/12/2018","87.093","87.093","87.093","87.093","-0.25%"
"11/09/2018","87.312","87.312","87.312","87.312","0.10%"
"11/08/2018","87.227","87.227","87.227","87.227","0.02%"
"11/07/2018","87.207","87.207","87.207","87.207","-0.02%"
"11/06/2018","87.227","87.227","87.227","87.227","0.03%"
"11/05/2018","87.202","87.202","87.202","87.202","-0.12%"
"11/02/2018","87.306","87.306","87.306","87.306","0.33%"
"11/01/2018","87.021","87.021","87.021","87.021","0.34%"
"10/31/2018","86.727","86.727","86.727","86.727","0.07%"
"10/30/2018","86.669","86.669","86.669","86.669","-0.06%"
"10/29/2018","86.719","86.719","86.719","86.719","0.02%"
"10/26/2018","86.701","86.701","86.701","86.701","0.02%"
"10/25/2018","86.685","86.685","86.685","86.685","0.00%"
"10/24/2018","86.681","86.681","86.681","86.681","0.11%"
"10/23/2018","86.590","86.590","86.590","86.590","0.20%"
"10/22/2018","86.419","86.419","86.419","86.419","0.01%"
"10/19/2018","86.413","86.413","86.413","86.413","-0.15%"
"10/17/2018","86.539","86.539","86.539","86.539","-0.15%"
"10/16/2018","86.668","86.668","86.668","86.668","0.30%"
"10/15/2018","86.409","86.409","86.409","86.409","0.07%"
"10/12/2018","86.346","86.346","86.346","86.346","0.31%"
"10/11/2018","86.080","86.080","86.080","86.080","0.20%"
"10/10/2018","85.907","85.907","85.907","85.907","0.36%"
"10/09/2018","85.598","85.598","85.598","85.598","-0.57%"
"10/08/2018","86.092","86.092","86.092","86.092","0.42%"
"10/05/2018","85.736","85.736","85.736","85.736","0.65%"
"10/04/2018","85.186","85.186","85.186","85.186","-0.32%"
"10/03/2018","85.459","85.459","85.459","85.459","-0.71%"
"10/01/2018","86.072","86.072","86.072","86.072","0.21%"
"09/28/2018","85.889","85.889","85.889","85.889","0.06%"
"09/27/2018","85.837","85.837","85.837","85.837","0.39%"
"09/26/2018","85.507","85.507","85.507","85.507","0.22%"
"09/25/2018","85.319","85.319","85.319","85.319","0.09%"
"09/24/2018","85.240","85.240","85.240","85.240","-0.15%"
"09/21/2018","85.364","85.364","85.364","85.364","-0.02%"
"09/19/2018","85.383","85.383","85.383","85.383","0.28%"
"09/18/2018","85.143","85.143","85.143","85.143","0.02%"
"09/17/2018","85.130","85.130","85.130","85.130","0.07%"
"09/14/2018","85.074","85.074","85.074","85.074","0.19%"
"09/12/2018","84.912","84.912","84.912","84.912","0.22%"
"09/11/2018","84.724","84.724","84.724","84.724","-0.12%"
"09/10/2018","84.824","84.824","84.824","84.824","-0.82%"
"09/07/2018","85.529","85.529","85.529","85.529","0.21%"
"09/06/2018","85.354","85.354","85.354","85.354","-0.18%"
"09/05/2018","85.504","85.504","85.504","85.504","-0.04%"
"09/04/2018","85.540","85.540","85.540","85.540","-0.46%"
"09/03/2018","85.938","85.938","85.938","85.938","0.01%"
"08/31/2018","85.933","85.933","85.933","85.933","-0.24%"
"08/30/2018","86.139","86.139","86.139","86.139","0.01%"
"08/29/2018","86.127","86.127","86.127","86.127","-0.11%"
"08/28/2018","86.221","86.221","86.221","86.221","-0.03%"
"08/27/2018","86.246","86.246","86.246","86.246","-0.02%"
"08/24/2018","86.267","86.267","86.267","86.267","-0.02%"
"08/23/2018","86.286","86.286","86.286","86.286","-0.21%"
"08/21/2018","86.465","86.465","86.465","86.465","0.13%"
"08/20/2018","86.351","86.351","86.351","86.351","-0.10%"
"08/17/2018","86.435","86.435","86.435","86.435","0.24%"
"08/16/2018","86.229","86.229","86.229","86.229","-0.29%"
"08/14/2018","86.479","86.479","86.479","86.479","-0.03%"
"08/13/2018","86.501","86.501","86.501","86.501","-0.41%"
"08/10/2018","86.860","86.860","86.860","86.860","0.02%"
"08/09/2018","86.844","86.844","86.844","86.844","-0.50%"
"08/08/2018","87.281","87.281","87.281","87.281","0.00%"
"08/07/2018","87.284","87.284","87.284","87.284","0.10%"
"08/06/2018","87.199","87.199","87.199","87.199","-0.06%"
"08/03/2018","87.249","87.249","87.249","87.249","-0.28%"
"08/02/2018","87.497","87.497","87.497","87.497","-0.05%"
"08/01/2018","87.544","87.544","87.544","87.544","0.12%"
"07/31/2018","87.435","87.435","87.435","87.435","0.09%"
"07/30/2018","87.357","87.357","87.357","87.357","0.20%"
"07/27/2018","87.181","87.181","87.181","87.181","-0.10%"
"07/26/2018","87.266","87.266","87.266","87.266","0.10%"
"07/25/2018","87.177","87.177","87.177","87.177","-0.08%"
"07/24/2018","87.249","87.249","87.249","87.249","0.08%"
"07/23/2018","87.178","87.178","87.178","87.178","-0.32%"
"07/20/2018","87.462","87.462","87.462","87.462","0.03%"
"07/19/2018","87.434","87.434","87.434","87.434","-0.04%"
"07/18/2018","87.465","87.465","87.465","87.465","-0.01%"
"07/17/2018","87.474","87.474","87.474","87.474","0.23%"
"07/16/2018","87.273","87.273","87.273","87.273","-0.06%"
"07/13/2018","87.324","87.324","87.324","87.324","-0.07%"
"07/12/2018","87.389","87.389","87.389","87.389","0.58%"
"07/11/2018","86.883","86.883","86.883","86.883","0.28%"
"07/10/2018","86.638","86.638","86.638","86.638","-0.06%"
"07/09/2018","86.687","86.687","86.687","86.687","-0.15%"
"07/06/2018","86.813","86.813","86.813","86.813","0.06%"
"07/05/2018","86.760","86.760","86.760","86.760","-0.23%"
"07/04/2018","86.962","86.962","86.962","86.962","0.27%"
"07/03/2018","86.725","86.725","86.725","86.725","0.12%"
"07/02/2018","86.619","86.619","86.619","86.619","-0.12%"
"06/29/2018","86.724","86.724","86.724","86.724","0.07%"
"06/28/2018","86.663","86.663","86.663","86.663","-0.15%"
"06/27/2018","86.790","86.790","86.790","86.790","-0.24%"
"06/26/2018","86.998","86.998","86.998","86.998","-0.05%"
"06/25/2018","87.039","87.039","87.039","87.039","-0.06%"
"06/22/2018","87.090","87.090","87.090","87.090","-0.26%"
"06/21/2018","87.320","87.320","87.320","87.320","0.40%"
"06/20/2018","86.976","86.976","86.976","86.976","0.19%"
"06/19/2018","86.815","86.815","86.815","86.815","-0.02%"
"06/18/2018","86.831","86.831","86.831","86.831","0.03%"
"06/15/2018","86.809","86.809","86.809","86.809","0.27%"
"06/14/2018","86.574","86.574","86.574","86.574","0.14%"
"06/12/2018","86.451","86.451","86.451","86.451","0.02%"
"06/11/2018","86.432","86.432","86.432","86.432","-0.18%"
"06/08/2018","86.591","86.591","86.591","86.591","0.20%"
"06/07/2018","86.418","86.418","86.418","86.418","-0.40%"
"06/06/2018","86.769","86.769","86.769","86.769","-0.47%"
"06/05/2018","87.183","87.183","87.183","87.183","0.24%"
"06/04/2018","86.971","86.971","86.971","86.971","-0.19%"
"06/01/2018","87.136","87.136","87.136","87.136","-0.14%"
"05/31/2018","87.262","87.262","87.262","87.262","-0.30%"
"05/30/2018","87.521","87.521","87.521","87.521","-0.09%"
"05/29/2018","87.599","87.599","87.599","87.599","-0.10%"
"05/28/2018","87.685","87.685","87.685","87.685","0.40%"
"05/25/2018","87.335","87.335","87.335","87.335","0.49%"
"05/24/2018","86.908","86.908","86.908","86.908","-0.19%"
"05/23/2018","87.073","87.073","87.073","87.073","-0.19%"
"05/22/2018","87.236","87.236","87.236","87.236","0.00%"
"05/21/2018","87.238","87.238","87.238","87.238","0.04%"
"05/18/2018","87.206","87.206","87.206","87.206","0.36%"
"05/17/2018","86.894","86.894","86.894","86.894","0.12%"
"05/16/2018","86.790","86.790","86.790","86.790","0.03%"
"05/15/2018","86.763","86.763","86.763","86.763","-0.51%"
"05/14/2018","87.209","87.209","87.209","87.209","-0.64%"
"05/11/2018","87.770","87.770","87.770","87.770","0.01%"
"05/10/2018","87.764","87.764","87.764","87.764","-0.03%"
"05/09/2018","87.790","87.790","87.790","87.790","-0.72%"
"05/08/2018","88.427","88.427","88.427","88.427","0.26%"
"05/07/2018","88.195","88.195","88.195","88.195","0.66%"
"05/04/2018","87.613","87.613","87.613","87.613","0.03%"
"05/03/2018","87.589","87.589","87.589","87.589","-0.02%"
"05/02/2018","87.605","87.605","87.605","87.605","0.18%"
"04/30/2018","87.450","87.450","87.450","87.450","0.00%"
"04/27/2018","87.448","87.448","87.448","87.448","-0.02%"
"04/26/2018","87.462","87.462","87.462","87.462","-0.05%"
"04/25/2018","87.510","87.510","87.510","87.510","-0.35%"
"04/24/2018","87.821","87.821","87.821","87.821","0.46%"
"04/23/2018","87.420","87.420","87.420","87.420","-0.11%"
"04/20/2018","87.513","87.513","87.513","87.513","-0.48%"
"04/19/2018","87.936","87.936","87.936","87.936","-0.72%"
"04/18/2018","88.578","88.578","88.578","88.578","-0.24%"
"04/17/2018","88.793","88.793","88.793","88.793","-0.05%"
"04/16/2018","88.840","88.840","88.840","88.840","-0.34%"
"04/13/2018","89.145","89.145","89.145","89.145","0.27%"
"04/12/2018","88.909","88.909","88.909","88.909","0.43%"
"04/11/2018","88.529","88.529","88.529","88.529","-1.01%"
"04/10/2018","89.432","89.432","89.432","89.432","-0.97%"
"04/09/2018","90.305","90.305","90.305","90.305","-0.36%"
"04/06/2018","90.629","90.629","90.629","90.629","-0.36%"
"04/05/2018","90.955","90.955","90.955","90.955","1.08%"
"04/04/2018","89.987","89.987","89.987","89.987","0.42%"
"04/03/2018","89.609","89.609","89.609","89.609","0.25%"
"04/02/2018","89.382","89.382","89.382","89.382","0.00%"
"03/28/2018","89.382","89.382","89.382","89.382","-0.43%"
"03/27/2018","89.772","89.772","89.772","89.772","1.90%"
"03/26/2018","88.097","88.097","88.097","88.097","-0.40%"
"03/23/2018","88.453","88.453","88.453","88.453","0.03%"
"03/22/2018","88.428","88.428","88.428","88.428","0.15%"
"03/21/2018","88.294","88.294","88.294","88.294","0.23%"
"03/20/2018","88.089","88.089","88.089","88.089","-0.05%"
"03/19/2018","88.137","88.137","88.137","88.137","-0.34%"
"03/16/2018","88.441","88.441","88.441","88.441","0.51%"
"03/15/2018","87.994","87.994","87.994","87.994","0.30%"
"03/14/2018","87.729","87.729","87.729","87.729","-0.10%"
"03/13/2018","87.814","87.814","87.814","87.814","-0.17%"
"03/12/2018","87.967","87.967","87.967","87.967","0.23%"
"03/09/2018","87.761","87.761","87.761","87.761","-0.08%"
"03/08/2018","87.827","87.827","87.827","87.827","0.09%"
"03/07/2018","87.745","87.745","87.745","87.745","0.60%"
"03/06/2018","87.223","87.223","87.223","87.223","-0.02%"
"03/05/2018","87.240","87.240","87.240","87.240","-0.19%"
"03/01/2018","87.408","87.408","87.408","87.408","-0.14%"
"02/28/2018","87.534","87.534","87.534","87.534","-0.36%"
"02/27/2018","87.854","87.854","87.854","87.854","0.17%"
"02/26/2018","87.707","87.707","87.707","87.707","-0.10%"
"02/23/2018","87.796","87.796","87.796","87.796","0.44%"
"02/22/2018","87.412","87.412","87.412","87.412","-0.23%"
"02/21/2018","87.613","87.613","87.613","87.613","-0.26%"
"02/20/2018","87.845","87.845","87.845","87.845","-0.57%"
"02/19/2018","88.350","88.350","88.350","88.350","0.00%"
"02/16/2018","88.350","88.350","88.350","88.350","-0.08%"
"02/15/2018","88.422","88.422","88.422","88.422","-0.49%"
"02/14/2018","88.854","88.854","88.854","88.854","0.02%"
"02/12/2018","88.838","88.838","88.838","88.838","-0.03%"
"02/09/2018","88.861","88.861","88.861","88.861","-0.21%"
"02/08/2018","89.046","89.046","89.046","89.046","0.44%"
"02/07/2018","88.652","88.652","88.652","88.652","0.29%"
"02/06/2018","88.400","88.400","88.400","88.400","0.24%"
"02/05/2018","88.186","88.186","88.186","88.186","-0.22%"
"02/02/2018","88.383","88.383","88.383","88.383","0.27%"
"02/01/2018","88.146","88.146","88.146","88.146","-1.22%"
"01/31/2018","89.235","89.235","89.235","89.235","0.04%"
"01/30/2018","89.203","89.203","89.203","89.203","0.07%"
"01/29/2018","89.140","89.140","89.140","89.140","-0.90%"
"01/25/2018","89.951","89.951","89.951","89.951","-0.20%"
"01/24/2018","90.133","90.133","90.133","90.133","0.94%"
"01/23/2018","89.293","89.293","89.293","89.293","0.28%"
"01/22/2018","89.041","89.041","89.041","89.041","0.10%"
"01/19/2018","88.954","88.954","88.954","88.954","-0.06%"
"01/18/2018","89.008","89.008","89.008","89.008","-0.35%"
"01/17/2018","89.324","89.324","89.324","89.324","0.92%"
"01/16/2018","88.511","88.511","88.511","88.511","-0.76%"
"01/15/2018","89.187","89.187","89.187","89.187","0.07%"
"01/12/2018","89.127","89.127","89.127","89.127","-0.09%"
"01/11/2018","89.211","89.211","89.211","89.211","0.04%"
"01/10/2018","89.173","89.173","89.173","89.173","-0.49%"
"01/09/2018","89.611","89.611","89.611","89.611","-0.17%"
"01/08/2018","89.764","89.764","89.764","89.764","-0.29%"
"01/05/2018","90.029","90.029","90.029","90.029","0.30%"
"01/04/2018","89.763","89.763","89.763","89.763","-0.10%"
"01/03/2018","89.851","89.851","89.851","89.851","0.38%"
"01/02/2018","89.509","89.509","89.509","89.509","-0.30%"
"01/01/2018","89.777","89.777","89.777","89.777","-0.09%"
"12/29/2017","89.860","89.860","89.860","89.860","0.48%"
"12/28/2017","89.428","89.428","89.428","89.428","-1.13%"
"12/27/2017","90.448","90.448","90.448","90.448","0.36%"
"12/26/2017","90.128","90.128","90.128","90.128","-0.03%"
"12/22/2017","90.154","90.154","90.154","90.154","-0.38%"
"12/21/2017","90.496","90.496","90.496","90.496","0.00%"
"12/20/2017","90.493","90.493","90.493","90.493","-0.27%"
"12/19/2017","90.741","90.741","90.741","90.741","0.03%"
"12/18/2017","90.712","90.712","90.712","90.712","-0.33%"
"12/15/2017","91.013","91.013","91.013","91.013","-0.03%"
"12/14/2017","91.036","91.036","91.036","91.036","0.27%"
"12/13/2017","90.792","90.792","90.792","90.792","0.08%"
"12/12/2017","90.715","90.715","90.715","90.715","-0.07%"
"12/11/2017","90.783","90.783","90.783","90.783","-0.52%"
"12/08/2017","91.254","91.254","91.254","91.254","-0.26%"
"12/07/2017","91.489","91.489","91.489","91.489","-0.14%"
"12/06/2017","91.615","91.615","91.615","91.615","0.18%"
"12/05/2017","91.454","91.454","91.454","91.454","0.13%"
"12/04/2017","91.339","91.339","91.339","91.339","-0.13%"
"12/01/2017","91.461","91.461","91.461","91.461","0.00%"
"11/30/2017","91.461","91.461","91.461","91.461","-0.24%"
"11/29/2017","91.684","91.684","91.684","91.684","0.06%"